"Pennsylvania's Franklin County is found to the west of Adams County, Pennsylvania and Pennsylvania's Cumberland County is to the north. A monument to the 11th Mississippi Infantry was erected in Adams County in the year 2000 in the municipality of Gettysburg and this monument is categorised as a contributing property."
"The 11th Mississippi Infantry Monument, a Contributing property established in the year 2000 in Adams County, Pennsylvania falls in the municipality of Gettysburg, Pennsylvania. Adams County Pennsylvania is East of Franklin County, Pennsylvania and has Cumberland County, Pennsylvania to its north."
"Dr. G. P. Prabhukumar is the director of the Acharya Institute of Technology which is located at Soldevanahalli, Acharya Dr. Sarvapalli Radhakrishnan Road, Hessarghatta Main Road, Bangalore - 560090 in India and is affiliated with Visvesvaraya Technological University."
"The Acharya Institute of Technology campus is located in Soldevanahalli, Acharya Dr. Sarvapalli Radhakrishnan Road, Hessarghatta Main Road, Bangalore – 560090, India. Its director is Dr.G.P. Prabhukumar and it is affiliated to Visvesvaraya Technological University."
"The campus of the Acharya Institute of Technology is located at Soldevanahalli, Acharya Dr. Sarvapalli Radhakrishnan Road, Hessarghatta Main Road, Bangalore – 560090, India and it is affiliated with the Visvesvaraya Technological University. Its director is Dr.G.P.Prabhukumar."
"Ciudad Ayala is a metropolitan city which has population of 1,777,539 with its population density of 1604.0 and it falls into UTC offset -6 time zone. One of the leaders of Ciudad Ayala is the City Manager which uses council-manager government."
"The city Ciudad Ayala has population 1,777,539 making the density 1604.0. One of the leaders in the council-manager government is the City Manager. It is in UTC offset -6."
The city Ciudad Ayala has population 1777539 making the density 1604. It is a council-managed government led by a City Manager. It is in UTC offset -6.
"Super Capers is a 98 minute film with a $2000000.0 budget. It stars Tom Sizemore and Michael Rooker, and was written and directed by Ray Griggs."
"Super Capers is a 98 minute movie starring Michael Rooker and Tom Sizemore. It was written and directed by Ray Griggs. It had a budget of $2,000,000."
The 98 minute film Super Capers had a budget of 2 million dollars. It was written and directed by Ray Griggs. It starred Tom Sizemore and also featured Michael Rooker.
US born Aaron Turner plays electric guitar for the post metal band Twilight.
American guitarist Aaron Turner is a post-metal musician who played electric guitar with the band Twilight.
Aaron Turner (from United States) who is a performer of post metal plays the electric guitar in the band Twilight.
"Adams County Pennsylvania, which is to the east of Franklin County, Pennsylvania, is the location of the 11th Mississippi Infantry Monument, which was established there in the year 2000. The 11th Mississippi Infantry Monument stands in the municipality of Gettysburg and falls under the category of Contributing property. To the southeast of Adams County, lies Carroll County, Maryland."
"A monument to the 11th Mississippi Infantry was built in 2000 in the municipality of Gettysburg which is in Adams County, Pennsylvania. Carroll County Maryland is southeast of Adams County, while Pennsylvania's Franklin County is to be found to the west. This monument is categorised as a contributing property."
"To the west of Adams County, Pennsylvania, is Franklin County, Pennsylvania and to its southeast is Carroll County, Maryland. In Adams County, a monument to the 11th Mississippi Infantry was established in 2000 in the municipality of Gettysburg. This monument is categorized as a Contributing Property."
Sarah Teale and Tom Simon directed the 83 minute movie Death on a Factory Farm which was edited by Geof Bartz. Jamie Lawrence composed the music for the movie which was released by HBO.
Tom Simon and Sarah Teale directed the 83 minute movie Death on a Factory Farm which was edited by Geof Bartz. Jamie Lawrence composed music for this movie which was broadcasted by HBO.
Sarah Teale and Tom Simon directed the 83 minute movie Death on a Factory Farm which edited by Geof Bartz and broadcasted by HBO. The movie has Jamie Lawrence as the music composer.
"Ciudad Ayala is a part of Morelos and located in the country of Mexico. Ciudad Ayala's elevation above the sea level is 1147.0 and the, the UTC offset is -6 and the time zone is PDT. The population of the metropolitan area of Ciudad Ayala is 1,777,539."
"The population of the metropolitan area of Ciudad Ayala, a part of Morelos, Mexico, located at 1147.0 above sea level, is 1,777,539, and the UTC offset for this Pacific Daylight Time zone area is -6."
"Ciudad Ayala is in the Morelos part of Mexico. The city’s metro area has population of 1,777,539 people. The city is 1147 m above sea level and is located in UTC offset -6 in the Pacific Daylight Time time zone."
"Liselotte Grschebina, born in Karlsruhe on May 2, 1908, was a professional photographer. She is an Israeli national who died in Israel on June 14, 1994."
"Liselotte Grschebina, born in Karlsruhe on 1908-05-02, is an Israeli photographer. She died on the 14th of June, 1994 in Israel."
"Liselotte Grschebina was born on May 2nd, 1908 in Karlsruhe. She was a professional photographer. Her nationality was Israeli. Liselotte Grschebina died on June 14, 1994 in Israel."
"The College of William and Mary is the owner of the Alan B. Miller Hall which was completed on 1st June 2009, address is ""101 Ukrop Way"". The Mason School of Business are the current tenants of Alan B Miller Hall."
"The College of William and Mary is the owner of the Alan B.Miller Hall (address: ""101 Ukrop Way""). It was completed on June 1st, 2009, and the Mason School of Business are its current tenants."
"The College of William and Mary is the owner of the Alan B. Miller Hall in 101 Ukrop Way completed in ""1 June 2009"" . The Mason School of Business are the current tenants."
"Aaron Turner starter performing in 1995 and began singing for a living. He performs under the genre of post-metal, and is noted to have played with the band Twilight."
"Singer Aaron Turner began performing in 1995. Turner is a post-metal musician, and played with the band Twilight."
"Aaron Turner sings for a living, started performing in 1995 and played with the band Twilight, which is post metal."
"Adolfo Suárez Madrid–Barajas Airport is in Alcobendas and is operated by ENAIRE in which is in Madrid. The runway length of Adolfo Suárez Madrid–Barajas Airport is 4,349 and is named 14R/32L, Adolfo Suárez Madrid-Barajas Airport also has an elevation of 610.0 metres above sea level and a runway length of 4,349."
"Adolfo Suárez Madrid–Barajas Airport in Alcobendas (operated by ENAIRE in Madrid), located 610 metres above sea level has a runway called 14R/32L that is 4,349 metres long."
"Adolfo Suárez Madrid–Barajas Airport is located in Alcobendas, 610 meters above sea level. This airport is operated by ENAIRE, which is located in Madrid. The runway is named 14R/32L and has a length of 4,349 meters."
"The Adolfo Suárez Madrid–Barajas Airport in Alcobendas , Madrid, Spain operated by ENAIRE has a runway called 14R/32L with the length of 4,349."
"Adolfo Suárez Madrid–Barajas Airport is located in Alcobendas. This airport is operated by ENAIRE, which is located in Madrid, Spain. The runway is named 14R/32L and has a length of 4,349 meters."
"Adolfo Suarez Madrid-Barajas Airport is operated by ENAIRE which is located in Alcobendas in Madrid,Spain. The runway length and the name of the runway of the airport is 4349.0. and 14R/32L."
Aaron Turner was born in Massachusetts and is a post metal musician who plays electric guitar and played with the band Twilight.
Aaron Turner is a performer of post metal and is originally from Massachusetts. He plays the electric guitar and also played with the band Twilight.
"In the past, Massachusetts-born post-metal electric guitarist Aaron Turner played with the band Twilight."
"English Without Tears is an 89-minute film that was released on July 28th, 1944. It was written by Anatole de Grunwald and directed by Harold French. Nicholas Brodszky was the music composer while Alan Jaggs was the film editor."
"Anatole de Grunwald wrote the 89 minute movie English Without Tears which was directed by Harold French and edited by Alan Jaggs. The movie had Nicholas Brodszky as its music composer and was released on July 28, 1944."
"The movie English Without Tears, released in 1944, was directed by Harold French and edited by Alan Jaggs. It was written by Anatole de Grunwald and has a total running time of 89 minutes. Its music was composed by Nicholas Brodszky."
McVeagh of the South Seas is a film directed by Cyril Bruce and Harry Carey. It’s a film that is logged in the IMDb database with the ID of 0004319. Carey was born on 1878 and was the writer of the film while he played a major character in the movie too. This movie was distributed by Alliance Films Corporation.
"McVeagh of the South Seas stars its own writer, director, and actor Harry Carey, who was born in 1878. It can be found in the IMDb if you input the ID 0004319. It was directed by Cyril Bruce and distributed by Alliance Films Corporations."
"McVeagh of the South Seas is a film directed by Cyril Bruce, written and directed by Harry Carey (born 1878) and distributed by Alliance Films Corporation. The film is registered in IMDb with the ID 0004319."
"Adolfo Suárez Madrid–Barajas Airport in Alcobendas (operated by ENAIRE in Madrid, Spain), that is located 610.0 metres above sea level, has a 4349.0 metres long runway named 14L/32R."
"Adolfo Suárez Madrid–Barajas Airport is located in Alcobendas, 610 meters above sea level. This airport is operated by ENAIRE, which is located in Madrid, Spain. The runway is named 14L/32R and is 4,349 meters long."
"The Adolfo Suárez Madrid–Barajas Airport in Alcobendas, operated by ENAIRE in the city of Madrid, is 610 metres above sea level, with a runway named 14L/32R that is 4349 metres long."
"The ENAIRE-operated Adolfo Suarez Madrid-Barajas Airport is located in Alcobendas, Spain, elevation 610.0 meters above sea level. 14R/32L, the runway, has a length of 4349."
"Adolfo Suarez Madrid-Barajas Airport (operated by ENAIRE, in Alcobendas, Spain) is 610.0 metres above sea level. Its runway is called 14R/32L which is 4349.0 metres long."
"Adolfo Suárez Madrid-Barajas Airport in Alcobendas, Spain is 610 metres above sea level and has a runway named 14R/32L that is 4349 metres long. ENAIRE is the operating organization for the airport."
"B. M. Reddy is the president of The Acharya Institute of Technology, which is affiliated with Visvesvaraya Technological University and located in India at Soldevanahalli, Acharya Dr. Sarvapalli Radhakrishnan Road, Hessarghatta Main Road, Bangalore - 560090."
"The President of Acharya Institute of Technology is B. M. Reddy and it is affiliated with the Visvesvaraya Technological University. Its address is Soldevanahalli, Acharya Dr. Sarvapalli Radhakrishnan Road, Hessarghatta Main Road, Bangalore – 560090, India."
"B.M. Reddy is president of the Acharya Institute of Technology, the campus of which is located in Soldevanahalli, Acharya Dr. Sarvapalli Radhakrishnan Road, Hessarghatta Main Road, Bangalore, India – 560090 and is affiliated to Visvesvaraya Technological University."
"The Mason School of Business are the current tenants of Alan B Miller Hall, which is currently owned by the College of William and Mary and which was designed by Robert A.M. Stern and completed June 1, 2009."
"The Mason School of business occupies the Alan B Miller at the college of William and Mary. The hall, which was designed by Robert A M Stern, was completed on June 1 2009."
"Owned by The College of William and Mary and completed on June 1, 2009 by architect Robert A.M. Stern, the Alan B. Miller Hall currently houses the Mason School of Business."
"The 11th Mississippi Infantry Monument, erected in the year 2000, is in the municipality of Gettysburg in Pennsylvania. This municipality is in Adams County, Pennsylvania which has Carroll County Maryland to the southeast and Frederick County Maryland to the southwest. This monument is categorised as a contributing property."
"The 11th Mississippi Infantry Monument was established in 2000 in Adams County, Pennsylvania which has Frederick County, Maryland to its southwest and Carroll County, Maryland to its southeast. The monument is placed in the municipality of Gettysburg and is categorized as a Contributing Property."
"The University of Burgundy in Dijon, France, has 2900 staff members that educate 27400 students: 16800 undergraduate students, 1299 PhD students, and 9400 postgraduate students."
"The University of Burgundy in Dijon, France has 2900 staff members that educate 16800 undergraduate students, 1299 doctoral students, and 9400 postgraduate students. In total, there are 27400 students at the university."
"The University of Burgundy in Dijon, France has 2900 staff members that educate 27400 students. Among them, there are 16800 undergraduate students, 1299 doctoral students, and 9400 postgraduate students."
"The movie English Without Tears release date was July 28th, 1944. Anatole de Grunwald was the producer and also the writer of the movie along with Terence Rattigan. The cinematography was done by Bernard Knowles, and the movie runs for 89 minutes."
"English Without Tears, released on 7, 28, 1944, is an 89 minute long film produced and written by Anatole de Grunwald with co-writer Terence Rattigan. Bernard Knowles did the cinematography."
"English Without Tears was an 89 minute film that was released on July 28th, 1944. It was written by Anatole de Grunwald and Terence Rattigan. Grunwald also produced it and Bernard Knowles was the cinematographer."
"Adolfo Suárez Madrid–Barajas Airport is located in Alcobendas. This airport is operated by ENAIRE, which is located in Madrid, Spain. The runway is named 14L/32R and has a length of 4,349."
"Adolfo Suárez Madrid–Barajas Airport is located in Alcobendas. This airport is operated by ENAIRE, which is located in Madrid, Spain. The runway is named 14L/32R and has a length of 4,349 meters."
"The Adolfo Suárez Madrid–Barajas Airport in Alcobendas (operated by ENAIRE in Madrid, Spain) has a runway named 18R/36L that is 4349 metres long."
"Adolfo Suárez Madrid–Barajas Airport is located in Alcobendas. This airport is operated by ENAIRE, which is located in Madrid, Spain. The runway is named 18R/36L and is 4349 meters long."
"The Adolfo Suárez Madrid–Barajas Airport in Alcobendas (operated by ENAIRE in Madrid, Spain) has a runway named 18R/36L which is 4,349 metres long."
"The Acharya Institute of Technology, established in 2000 and affiliated with Visvesvaraya Technological University, is located in Karnataka at Soldevanahalli, Acharya Dr. Sarvapalli Radhakrishnan Road, Hessarghatta Main Road, Bangalore - 560090."
"The Acharya Institute of Technology, established in 2000 and affiliated with Visvesvaraya Technological University, is located in Karnataka at Soldevanahalli, Acharya Dr. Sarvapalli Radhakrishnan Road, Hessarghatta Main Road, Bangalore – 560090."
"Acharya Institute of Technology, established in 2000 and affiliated with Visvesvaraya Technological University, is located in the state of Karnataka at Soldevanahalli, Acharya Dr. Sarvapalli Radhakrishnan Road, Hessarghatta Main Road, Bangalore – 560090."
Super Capers is a 98.0 minute long English-language film starring Michael Rooker and Tom Sizemore. The film was edited by Stacy Katzman and distributed by Roadside Attractions.
Super Capers is an English-language movie that stars Michael Rooker and Tom Sizemore. It is edited by Stacy Katzman. The movie is 98 minutes long and distributed by Roadside Attractions.
"Super Capers is an English-language film that is 98 minutes long, distributed by Roadside Attractions, edited by Stacy Katzman and stars Tom Sizemore and Michael Rooker."
"The University of Burgundy which is located in the city of Dijon has 27400 students, of which 16800 are undergraduates and 1299 are doctoral students. It has 2900 staff members."
"With a total of 16800 undergraduates, 2900 staff and a total student body of 27400, the university of Burgundy is located on a campus in Dijon. It currently has 1299 doctoral students."
"Aaron Turner, originally from the U.S., started performing in 1995 and played post-metal music with the band Twilight."
"Aaron Turner, born in the USA, started performing in 1995 and played with the band Twilight. His genre is post-metal."
The US national Aaron Turner performed with post metal genre band Twilight. He first began performing in 1995.
It's Great to Be Young is a 1956 film that stars Cecil Parker and John Mills. The length of the movie is 94 minutes and written by Ted Willis. It’s edited by Max Benedict and the score is composed by Louis Levy.
"John Mills and Cecil Parker play the lead in the 94 minute movie It's Great to Be Young (released in 1956 and edited by Max Benedict), while Louis Levy is the music composer and Ted Willis is the writer."
Ted Willis wrote the 1956 movie It's Great to Be Young starring John Mills and Cecil Parker. Louis Levy composed music for the 94 minute movie which was edited by Max Benedict.
Bedford Aerodrome is located in Thurleigh. This airport serves the Bedford Autodrome and is operated by MotorSport Vision. The runway is 1095 meters long and is made of concrete. The ICAO location identifier for Bedford Aerodrome is EGBF.
Bedford Aerodrome is located in Thurleigh. This airport serves the Bedford Autodrome and is operated by MotorSport Vision. The runway is 1095 meters long and made of concrete. The ICAO location identifier for Bedford Aerodrome is EGBF.
"The 11th Mississippi Infantry Monument is in the United States in a place called the municipality of Gettysburg in Adams County, Pennsylvania. This place has to its southeast Carroll County, Maryland and to its north Pennsylvania's Cumberland County. The 11th Mississippi Infantry Monument is classified as a contributing property."
"The 11th Mississippi Infantry Monument is located in the United States in the municipality of Gettysburg which is in Adams County, Pennsylvania. To the southeast of Adams County, Pennsylvania lies Carroll County, Maryland while to its north is Cumberland County, Pennsylvania. The monument falls under the category of Contributing property."
"The 11th Mississippi Infantry Monument is categorized as a Contributing Property and is located in the municipality of Gettysburg, Adams County, Pennsylvania, USA. Adams County has Carroll County, Maryland to its southeast and Cumberland County, Pennsylvania to its north."
"Carroll County, Maryland is southeast of Adams County, Pennsylvania and Pennsylvania's Cumberland County is to the north. Adams County is where stands the 11th Mississippi Infantry Monument, which is categorised as a contributing property. The monument is placed in the municipality of Gettysburg."
"The 11th Mississippi Infantry Monument is in Adams County, in the municipality of Gettysburg, Pennsylvania. Adams County has Cumberland County to its north and to its southeast, Carroll County, Maryland. The 11th Mississippi Infantry Monument falls under the category of contributing property."
"The 11th Mississippi Infantry Monument falls under the category of Contributing Property in the USA where it is situated. The exact location of the monument is in Adams County, Pennsylvania, in the municipality of Gettysburg and the monument was built in the year 2000. To the southeast of Adams County, Pennsylvania lies Carroll County, Maryland."
"Frederick County, Maryland is to the southwest of Adams County, Pennsylvania while Cumberland County is to its north. The 11th Mississippi Infantry Monument, established 2000, is in the municipality of Gettysburg, Pennsylvania which is in Adams County and this monument falls under the category of contributing property."
"Cumberland county, Pennsylvania is north of Adams County, Pennsylvania where the 11th Mississippi Infantry Monument has stood since 2000, in the municipality of Gettysburg. Adams County has Frederick County, Maryland to its southwest and the monument itself is categorized as a contributing property."
"The Pontiac Rageous was a car with a coupe body style manufactured by Pontiac. Assembled in both Michigan and Detroit, it went into production in 1997, ending in the same year."
"The Pontiac Rageous, a coupe manufactured by Pontiac, was assembled in Detroit, Michigan starting production in 1997. The last production of the Pontiac Rageous was in 1997."
"The Pontiac Rageous, a coupe body style car that was first produced in 1997, was manufactured by Pontiac and assembled in Detroit, Michigan. The last production of the Pontiac Rageous was in 1997."
"Peso is currency used by Mexicans in Mexico. Bionico is a dessert that can be found in Guadalajara, Mexico. Cookies are also a type of dessert."
Bionico (a dish served for dessert) is a food from Guadalajara in Mexico. The currency in Mexico is the Mexican peso inhabited by the Mexicans. A cookie is a dessert.
Bionico (served at the dessert course) is a food found in Guadalajara Mexico. The currency in Mexico is the peso inhabited by the Mexicans. Cookie is a type of dessert.
"The Acharya Institute of Technology campus is located in Soldevanahalli, Acharya Dr. Sarvapalli Radhakrishnan Road, Hessarghatta Main Road, Bangalore – 560090, Karnataka, India and it is affiliated to Visvesvaraya Technological University."
"The campus of the Acharya Institute of Technology is located at Soldevanahalli, Acharya Dr. Sarvapalli Radhakrishnan Road, Hessarghatta Main Road, Bangalore, Karnataka – 560090, India and it is affiliated with the Visvesvaraya Technological University."
"The Acharya Institute of Technology can be found in India in the state of Karnataka, is affiliated with Visvesvaraya Technological University, and the campus address is: Soldevanahalli, Acharya Dr. Sarvapalli Radhakrishnan Road, Hessarghatta Main Road, Bangalore - 560090."
"Aaron Turner is a performer in the post metal genre, in particular he earns his living by singing. He is originally from Massachusetts and played with the band Twilight."
Aaron Turner is a post metal singer who was born in Massachusetts and played with the band Twilight.
Aaron Turner is a post-metal singer from Massachusetts who played with the band Twilight.
"The population of the Morelos metropolitan city of Ciudad Ayala (leader: City Manager; government type: council-manager government) is 1,777,539, resulting in a population density of 1604.0."
"Ciudad Ayala is a metropolitan city, which is part of Morelos, that has population of 1777539 and population density is 1604. The government type in the city of Ciudad Ayala is council-manager where the City Manager is the leader."
"Ciudad Ayala is a city and is part of Morelos. The population of the metropolitan area of the city is 1,777,539 and the population density is 1604.0. The city’s government type is a council-manager government, and one of the leaders is the city manager."
"Bionico is a food found in Mexico, served at the dessert course. The leader of Mexico (currency: peso) is Silvano Aureoles Conejo."
"Bionico is a dessert found in Mexico, where the leader is Silvano Aureoles Conejo and the currency is the Mexican peso."
"Mexico, led by Silvano Aureoles Conejo, uses the peso as its currency and has a dessert called Bionico."
Bionico (served at the dessert course) is a food made with granola found in Mexico. The currency in Mexico is the peso inhabited by the Mexicans. Cookie is a type of dessert.
"People from Mexico are called Mexicans, and they use the Mexican peso currency to purchase dessert dishes like cookies and Bionico. Bionico is a dish found in Mexico that is composed of granola, a Mexican ingredient."
Tom Simon produced and directed the film Death on a Factory Farm whilst Jamie Lawrence composed the music. This film lasted for 83 minutes and was edited by Geof Bartz and broadcast by HBO.
"Death on a Factory Farm is an 83 minute long film edited by Geof Bartz. The music in the film was composed by Jamie Lawrence, produced by Tom Simon, edited by Geof Bartz and is broadcasted by HBO."
Tom Simon directed and produced the 83 minute movie Death on a Factory Farm which was released by HBO. Jamie Lawrence wrote the music for the movie which Geof Bartz edited.
"Operating as an S.A. corporation and parent to Mantecorp, Hypermarcas is a pharmaceutical company that makes healthcare products. Hypermarcas has 10,252 employees and a net income of $108,600,000."
"Hypermarcas is a type of S.A. corporation that produces healthcare products in the pharmaceutical industry. With 10252 employees, Hypermarcas has a net income of 108,600,000 and a subsidiary called Mantecorp."
"Hypermarcas is an S.A. corporation in the pharmaceutical industry. They sell healthcare products and own the subsidiary Mantecorp. They employ 10,252 people and have a net income of $108,600,000."
Massachusetts-born musician Aaron Turner began performing in 1995. Turner is a post-metal musician who played with the band Twilight.
Aaron Turner was born in Massachusetts. His music is post-metal. He started performing in 1995 and played with the band of Twilight.
"Post-metal performer Aaron Turner from Massachusetts who played with the band Twilight, started performing in 1995."
"Bedford Aerodrome is located in Thurleigh, 83.2 meters above sea level. This airport serves the Bedford Autodrome and is operated by MotorSport Vision. The runway is 1095 meters long. The ICAO location identifier for Bedford Aerodrome is EGBF."
"Bedford Aerodrome serves the Bedford Autodrome and is located in Thurleigh, 83.2104 above sea level. This airport is operated by MotorSport Vision. The runway is 1095 in length. Bedford Aerodrome's International Civil Aviation Organization (ICAO) identifier is EGBF."
Bedford Aerodrome in Thurleigh serving the Bedford Autodrome and operated by MotorSport Vision has the runway length of 1095. Elevated 83.2104 meters above the sea level the ICAO location identifier for the Bedford Aerodrome is EGBF.
"Adolfo Suárez Madrid Barajas Airport, located in Alcobendas, which is part of the community of Madrid, Spain and operated by ENAIRE, is 610 metres above sea level and has a runway that is 4349 metres long."
"Adolfo Suárez Madrid–Barajas Airport is located in Alcobendas, 610 meters above sea level. This airport is operated by ENAIRE, which is located in Madrid, Spain. The runway is 4,349 meters long."
"Adolfo Suarez Madrid-Barajas Airport has an elevation of 610.0 metres above sea level and the runaway length is 4,349. It is in Alcobendas, operated by ENAIRE, in the city of Madrid, country of Spain."
"Death on a Factory Farm, produced and directed by Tom Simon and edited by Geof Bartz was broadcast by HBO. The music was composed by Jamie Lawrence and Sarah Teale was co-producer."
Tom Simon directed and produced Death on a Factory Farm which was edited by Geof Bartz and released by HBO. Sarah Teale was also a producer of the movie which had Jamie Lawrence as the music composer.
"Tom Simon directed the movie ""Death on a Factory Farm"" and also shared the production with Sarah Teale. The film was originally broadcasted on HBO. Geof Bartz edited the movie, and the film’s music was composed by Jamie Lawrence."
"The Bedford Aerodrome has an operating organization that is called the MotorSport Vision. It is located in Thurleigh. Its runway is named as ""08/26"" and its length is 1095. The ICAO location identifier is EGBF, and this aerodrome serves the Bedford Autodrome."
"The Bedford Aerodrome in Thurleigh serving the Bedford Autodrome, operated by MotorSport Vision, has a runway named 08/26 that has the runway length of 1095. The ICAO location identifier for the Bedford Aerodrome is EGBF."
"Bedford Aerodrome is located in Thurleigh. This airport serves the Bedford Autodrome and is operated by MotorSport Vision. The runway, called 08/26, is 1095 meters long. The ICAO location identifier for Bedford Aerodrome is EGBF."
"Located in Bangalore, the Acharya Institute of Technology is affiliated with the Visvesvaraya Technological University. B. M. Reddy is the President of Acharya Institute of Technology. Its campus is located at Soldevanahalli, Acharya Dr. Sarvapalli Radhakrishnan Road, Hessarghatta Main Road, Bangalore – 560090."
"The Acharya Institute of Technology campus is located in Soldevanahalli, Acharya Dr. Sarvapalli Radhakrishnan Road, Hessarghatta Main Road, Bangalore – 560090 and it is affiliated to Visvesvaraya Technological University and its president is B.M. Reddy."
"The campus address for the Acharya Institute of Technology is: Soldevanahalli, Acharya Dr. Sarvapalli Radhakrishnan Road, Hessarghatta Main Road, Bangalore - 560090 and its president is B.M. Reddy and it is affiliated with Visvesvaraya Technological University."
"The film ""It's Great to Be Young"" starring John Mills was released in 1956. It was directed by Cyril Frankel and music was composed by Louis Levy. Cinematography is taken care by Gilbert Taylor, and duration of the film is 94 minutes. The film collected 282,838 pounds."
"Cyril Frankel directed the 1956 film It's Great to Be Young starring John Mills. Louis Levy composed music for this 94 minute movie which had Gilbert Taylor as its cinematographer and costed £282,838."
"It’s Great to Be Young is a 1956 film starring John Mills and directed by Cyril Frankel. It lasts 94 minutes, and it grossed £282,838. The film’s cinematographer was Gilbert Taylor, and music was written by Louis Levy."
"The 11th Mississippi Infantry Monument, established in the year 2000, is located in the state of Pennsylvania, in a place called Adams County. Adams County, Pennsylvania has Carroll County, Maryland to its southeast and Cumberland county, Pennsylvania to its north. The monument is categorized as a Contributing Property."
"A monument to the 11th Mississippi Infantry was erected in 2000 in Adams County, Pennsylvania, which has Carroll County Maryland to the southeast and Pennsylvania's Cumberland County to the north. The monument is categorised as a contributing property."
"The 11th Mississippi Infantry Monument established in the year 2000 in Adams County, Pennsylvania falls under the category of Contributing property. Adams County, Pennsylvania has Cumberland County, Pennsylvania to its north and Carroll County, Maryland to its southeast."
"Liselotte Grschebina was an Israeli born in the German Empire on May 2nd, 1908 in Karlsruhe and died in Israel on June 14, 1994."
"Liselotte Grschebina, born in Karlsruhe in the German Empire on 1908-05-02, is of Israeli nationality. She died on the 14th of June, 1994 in Israel."
"Liselotte Grschebina, born on May 2, 1908 in Karlsruhe in the German Empire, is an Israeli national. She died on June 14, 1994 in Israel."
"Bionico, a dessert found in Mexico along with Sandesh (confectionary), is made of sour cream, chopped fruits, condensed milk, granola, raisins and shredded coconut, and Mexicans, people living in Mexico, use the peso, the local currency, to buy it."
"The main ingredients of Bionico (a dish served for dessert) are chopped fruits, sour cream, condensed milk, granola, shredded coconut and raisins, bionico is a food found in Mexico. The currency in Mexico is the Mexican peso, and the country is inhabited by the Mexicans. Sandesh is a nice confectionery dessert."
"Chopped Fruits, sour cream, condensed milk, granola, shredded coconut and raisins are the main ingredients in bionico (a dessert). The currency of Mexico is the peso inhabited by the Mexicans. Sandesh is a dessert."
"The Acharya Institute of Technology was established in the year 2000 and its campus address is located at Soldevanahalli, Acharya Dr. Sarvapalli Radhakrishnan Road, Hessarghatta Main Road, Bangalore - 560090 and it is affiliated with Visvesvaraya Technological University."
"Acharya Institute of Technology, established in 2000 and affiliated with Visvesvaraya Technological University, is located in Soldevanahalli, Acharya Dr. Sarvapalli Radhakrishnan Road, Hessarghatta Main Road, in Bangalore – 560090."
"The Acharya Institute of Technology, established in 2000 and affiliated with the Visvesvaraya Technological University, is located at Soldevanahalli, Acharya Dr. Sarvapalli Radhakrishnan Road, Hessarghatta Main Road, in Bangalore – 560090."
"The Acharya Institute of Technology is located at Soldevanahalli, Acharya Dr. Sarvapalli Radhakrishnan Road, Hessarghatta Main Road, Bangalore – 560090, India. This institute, established in 2000 and directed by Dr. G. Prabhukumar, was given 'Technical Campus' status by the All India Council for Technical Education of Mumbai."
"The campus address for the Acharya Institute of Technology is: Soldevanahalli, Acharya Dr. Sarvapalli Radhakrishnan Road, Hessarghatta Main Road, Bangalore - 560090, in India. The Institute was established in 2000 and the current director is Dr. G. P. Prabhukumar. The status of Technical Campus was given to the Institute by All India Council for Technical Education, which is located in Mumbai."
"Acharya Institute of Technology was given the Technical Campus status by the All India Council for Technical Education located in Mumbai. The director of Acharya Institute of Technology is Dr. G. P. Prabhukumar which was established in 2000 which is located in Soldevanahalli, Acharya Dr. Sarvapalli Radhakrishnan Road, Hessarghatta Main Road, Bangalore - 560090, India."
"Ciudad Ayala is a metropolis in Morelos, part of Mexico. It has total population of 1,777,539 making the density 1,604. It is 1,147 m above sea level in the Pacific Daylight time zone."
"Ciudad Ayala is a part of Morelos and located in the country of Mexico. The population density of Ciudad Ayala is 1604.0 and the population of the metropolitan area if 1,777,539. The elevation above the sea level for Ciudad Ayala is 1147.0 and the time zone is Pacific Daylight Time."
"Ciudad Ayala is part of Morelos, located in the country of Mexico, with a population density of 1604.0 and a population of the metropolitan area of 1,777,539. Its elevation above the sea level is 1147.0. Ciudad Ayala is in the PDT time zone."
"English Without Tears is an 89 minute movie that was released on July 28th, 1944. It was directed by Harold French and edited by Alan Jaggs. The producers and music composers consists of Anatole de Grunwald and Nicholas Brodszky."
"English Without Tears was released July 28, 1944 and runs 89 minutes long. It was directed by Harold French, edited by Alan Jaggs and produced by Anatole de Grunwald. The songs used in the film were composed by Nicholas Brodszky."
"Harold French directed the 89 minute movie English Without Tears which was released on July 28, 1944. Anatole de Grunwald was the producer of the movie which had Nicholas Brodszky as the music composer and Alan Jaggs as the editor."
"Hypermarcas, a drug maker in the pharmaceutical industry, was founded in Brazil on Jan 1 2001.Their key person is their CEO, and they have a net income of 108,600,000."
"Hypermarcas, a Brazilian pharmaceutical company, was founded on Jan 01, 2001 and had a net income of 108,600,000. It is headed by its CEO."
"Hypermarcas located in Brazil, is a company in the pharmaceuticals industry founded on January 1, 2001. Managed by their CEO the company has a net income of 108,600,000 and their main product is drugs."
"Stacy Katzman edited Super Capers, a move with a 2000000.0 budget, which was written and directed by Ray Griggs and had a duration of 98 minutes and grossed $30.995."
"Super Capers was edited by Stacy Katzman, and its budget was 2000000. It was written and directed by Ray Griggs, and it had a running time of 98 minutes. The film collected $30955.0."
"Super Capers is a 98 minute film that had a budget of 2 million and grossed $30,955. The film was written and directed by Ray Griggs and was edited by Stacy Katzman."
"Dr. G.P. Prabhukumar is the director of The Acharya Institute of Technology (est. 2000), located in Soldevanahalli, Acharya Dr. Sarvapalli Radhakrishnan Road, Hessarghatta Main Road, Bangalore - 560090. The All India Council for Technical Education in Mumbai gave the status of Technical Campus to the Acharya Institute of Technology in Bangalore."
"The campus of the Acharya Institute of Technology, designated as a 'Technical Campus' by then All India Council for Technical Education of Mumbai, was established in the year 2000. It is directed by Dr. G. P. Prabhukumar and may be found at Soldevanahalli, Acharya Dr. Sarvapalli Radhakrishnan Road, Hessarghatta Main Road, Bangalore – 560090."
"Dr. G. P. Prabhukumar is the director of the Acharya Institute of Technology, which was established in the year 2000 and is located in the city of Bangalore. The campus address is: Soldevanahalli, Acharya Dr. Sarvapalli Radhakrishnan Road, Hessarghatta Main Road, Bangalore - 560090. The All India Council for Technical Education, located in Mumbai, was proud to give the Technical Campus status to the Acharya Institute of Technology."
"Released in 1956, the movie It's Great to be Young lasted for 94 minutes and grossed £282,838. The director was Cyril Frankel and Cecil Parker together with John Mills had main roles, whilst Gilbert Taylor was the cinematographer."
"The 1956 film ""It's Great to Be Young"" (1956) stars John Mills and Cecil Parker for 94 minutes in Gilbert Taylor's cinematography. Cyril Frankel directed the film, which cost $282,838."
"It's Great to be young is a 1956 film that is 94 mites long and took in 282,838 pounds at the box office. It was directed by Cyril Frankel and the cinematographer was Gilbert Taylor. The film starred Cecil Parker and John Mills had a main role."
"The Acharya Institute of Technology, located in Soldevanahalli, Acharya Dr. Sarvapalli Radhakrishnan Road, Hessarghatta Main Road, Bangalore – 560090, in the state of Karnataka, India, is directed by Dr. G. P. Prabhukumar, and has the distinction of being a Technical Campus designated by the All India Council for Technical Education of Mumbai."
"The campus address for the Acharya Institute of Technology is: Soldevanahalli, Acharya Dr. Sarvapalli Radhakrishnan Road, Hessarghatta Main Road, Bangalore - 560090, in Karnataka state. All India Council for Technical Education, located in Mumbai, awarded the Institute with the status of Technical Campus. The Institute's director is Dr. G. P. Prabhukumar."
"The All India Council for Technical Education was proud to give the Technical Campus status to the Acharya Institute of Technology located in Soldevanahalli, Acharya Dr. Sarvapalli Radhakrishnan Road, Hessarghatta Main Road, Bangalore, Karnataka - 560090, whose director is Dr. G. P. Prabhukumar. All India Council for Technical Education is located in Mumbai."
"Hypermarcas is located in Sao Paulo Brazil, and employs 10,252 people. They are an S.A. corporation, and own the subsidiary of Mantecorp. They had a net income of $108,600,000."
"Hypermarcas, a type of S.A corporation, is located in Sao Paulo, Brazil. It employs 10252 people, has a net income of 108,600,000, and has a subsidiary called Mantecorp."
"Hypermarcas S.A. (a Brazilian company located in São Paulo) is a 10252 employee enterprise with net income of 108,600,000. The company has a subsidiary Mantecorp."
Ciudad Ayala has a council-manager government led by governator Juan Nolasco. It has population density 1604.0. It is in the Pacific Standard Time Zone putting it on PDT.
Juan Nolasco is governator in the council-manager governed Ciudad Ayala. It is on Pacific Daylight Time in the Pacific Standard Time Zone. The population density is 1604.0.
Ciudad Ayala is in the Morelos part of Mexico. One of the leaders is the City Manager. It is 1147.0 m above sea level in UTC -6 making it part of PDT time zone.
Ciudad Ayala is a city located within Morelos in the country of Mexico. Ciudad Ayala is 1147m above sea level. It also has a UTC offset of -6 and is located in the Pacific Daylight time zone. The leader title for Ciudad Ayala is City Manager.
The City Manager led Ciudad Ayala is in the Morelos part of Mexico. It is 1147.0 m above sea level in UTC offset -6. It is in time zone Pacific Daylight Time.
The Mason School of Business are the current tenants of Alan B Miller Hall (located in Virginia). It was designed by Robert A.M Stern and was completed on 1st June 2009.
"The Mason School of Business are the current tenants of Alan B Miller Hall, which is located in Virginia and which was designed by Robert A. M. Stern and completed June 1, 2009."
"Robert A.M. Stern was the architect who designed Alan B. Miller Hall, which was completed on June 1st, 2009. The current tenant of the Hall, located in Virginia, is the Mason School of Business."
"Aaron Turner started performing in 1995 and is a singer in the Lotus Eaters band, which plays post-metal music."
Aaron Turner started performing in 1995 and is a singer of the musical genre post metal in the Lotus Eaters band.
Aaron Turner is a post-metal singer who started performing in 1995 and is a musician in the Lotus Eaters band.
"Mexico, inhabited by Mexicans, has the peso as their currency. Bionico is a dessert found in Guadalajara in Mexico. Sandesh (a confectionery) is also served as a dessert."
"Bionico is a dessert food found in Mexico, in the Guadalajara region. Sandesh is also a nice confectionery dessert. In Mexico, the national currency is the peso and the local people are called Mexicans."
"Sandesh and Bionico are desserts, the latter of which is found in Guadalajara, Mexico, where its inhabitants are Mexicans who use the peso as currency."
"Aaron Turner is a singer who was born in Boston. His music is post-metal, and he played with the band twilight."
"Aaron Turner, originally from Boston, sings for a living as a post-metal music performer with the band Twilight."
Aaron Turner (originally from Boston) sings post-metal music for a living and played with the band Twilight.
"Mexicans inhabit Mexico, where the currency is the peso. Bionico is a food found in Mexico that requires granola as one of its ingredients, and is a dessert like Sandesh."
"Sandesh is a confectionary dessert item, much like Bionico, which contains granola and is found in Mexico. Mexico uses the peso as its currency and is inhabited by Mexicans."
"Aaron Turner a Post metal genre performer, started playing electric guitar in 1995 in the Lotus Eaters band ."
Electric guitarist Aaron Turner began performing in 1995. Turner is a post-metal musician in the band Lotus Eaters.
