better explanation of the requirement:;the sentence is grammatically correct;the sentence is sound / logically valid. There are no typos or mistakes. ;the sentence is given is relevant, so it would make sense in a sentence. Example: ‘blue car going’ or ‘there is a blue car there’;The sentence is a natural stated answer, it doesn't feel computerized;the answer could be grammatically correct but is also a naturally flowing sentence;the answer is clear and is not confusing;the sentence is not ambiguous (could mean more things than once);the answer is engaging (for instance in a conversation would ignite a conversation);no difficult jargon used ;
Likert-scale rating (agree -5, somewhat agree-4, neutral-3, somewhat disagree-2, disagree-1);grammar;sound;relevant;human;fluent;clarity;unambiguous;engaging;understandable;
;;;;;;;;;;
Chinabank is located in the Philippines and is the location of Chinabank.;4;3;2;3;3;4;2;3;2;2,888888889
"""The film, """"Its Great to be 5"""" starred by """"Cel""";3;3;3;2;2;3;1;1;1;2,111111111
08/26 is the runway name of the Bedford Aerodrome, which has the name;4;2;3;2;2;3;2;2;2;2,444444444
"""The sister production of the HBO, which has a sister station called the Cinemax, is""";3;2;1;3;3;3;2;1;1;2,111111111
John Miller died in 2005 and he died in 2005.;2;3;3;4;3;1;1;1;5;2,555555556
;3,2;2,6;2,4;2,8;2,6;2,8;1,6;1,6;2,2;2,422222222
;;;;;;;;;;
Ciudad Ayala is located in Mexico and is led by the Governator;4;4;5;5;5;5;3;4;4;4,333333333
Bionico is a dessert dish from Mexico, where the currency is the peso;4;3;3;4;4;3;3;3;4;3,444444444
Aaron Turner started performing in 1995 and his musical career began in 1995. He plays Post-met;3;2;3;3;3;3;4;4;3;3,111111111
Ray Giles was born in 1974 and wrote the super captures which starred Michael Korker;4;4;3;5;5;5;2;4;5;4,111111111
Anatole de Growwald produces English Without Teas which is edited by Alan Ja;4;4;5;4;4;5;4;4;4;4,222222222
;3,8;3,4;3,8;4,2;4,2;4,2;3,2;3,8;4;3,844444444
;;;;;;;;;;
The city of Ciudad Ayala is led by the City Manager and is located;3;3;3;3;3;3;3;3;3;3
The director of It's Great Britain is Cyril Frankel and it stars John Miller;4;5;4;4;5;4;3;4;4;4,111111111
 The Bedford Aerodrome, which serves the city of Bedford, is located in Thurleigh;4;4;4;5;4;4;4;4;4;4,111111111
 The city of Ciudad Ayala in Mexico is led by the City Manager.;5;5;3;5;3;4;3;3;3;3,777777778
Ciudad Ayala is located in the city of Ciu in the Andlos;5;4;5;5;3;4;4;4;4;4,222222222
;4,2;4,2;3,8;4,4;3,6;3,8;3,4;3,6;3,6;3,844444444
;;;;;;;;;;
;3,733333333;3,4;3,333333333;3,8;3,466666667;3,6;2,733333333;3;3,266666667;
