"Ciudad Ayala is a city with population density and population of 1604 and 1777539 respectively, where the leader is called the City Manager. The government type in the city of Ciudad Ayala is council-manager."
"The city of Ciudad Ayala, with a population of 1,777,539, is led by a City Manager on a council-manager government system. It has a population density of 1604."
"Ciudad Ayala, a city with population density and population of 1604.0 and 1,777,539 respectively, uses a type of government called council-manager government. One of the leaders of Ciudad Ayala is the City Manager."
Ciudad Ayala in Mexico with population density of 1604.0 and elevated 1147.0 above sea level is in the PDT time zone. The leader here is called the governator.
Ciudad Ayala is a country in Mexico that is located 1147 above sea level and is in the Pacific Daylight time zone. The population density is 1604 and the leader of Ciudad Ayala is called the governator.
Ciudad Ayala is located in Mexico and has a population density of 1604. The city stands 1147 m above sea level. The Governator is the leader of Ciudad Ayala located in the Pacific Daylight time zone.
"Liselotte Grschebina was an Israeli who attended the school of Applied Arts in Stuttgart. She was born in Karlsruhe, Germany. Israel's national language is Modern Hebrew."
"Liselotte Grschebina is an Israeli national who did her studies at the School of Applied Arts in Stuttgart and was born in Karlsruhe, which is in Germany unlike Israel whose language is Modern Hebrew."
"Liselotte Grschebina was born in Karlsruhe which is located in Germany, has Israeli nationality (the language in Israel is Modern Hebrew), and studied at the School of Applied Arts in Stuttgart."
"Pennsylvania's Franklin County is found to the west of Adams County, Pennsylvania and Carroll County, Maryland is to the southeast. A monument to the 11th Mississippi Infantry was erected in 2000 in Adams County and this monument is classed as a contributing property."
"The 11th Mississippi Infantry Monument was established in 2000 in Adams County, Pennsylvania which has Carroll County, Maryland to its southeast and Franklin County, Pennsylvania to its west. The 11th Mississippi Infantry Monument is in the category of contributing property."
"The 11th Mississippi Infantry Monument, established in 2000, falls under the category of Contributing property and is located in Adams County, Pennsylvania, which has Carroll County, Maryland to the southeast and Franklin County, Pennsylvania to the east."
"ENAIRE, based in Madrid, Spain, is the operating organisation for Adolfo Suarez Madrid-Barajas airport which is in Alcobendas. The runway length at the airport is 3500."
"Located in Madrid, Spain, ENAIRE operates the Adolfo Suarez Madrid-Barajas Airport in Alcobendas which reports a runway length of 3,500."
"Adolfo Suarez Madrid-Barajas Airport, operated by ENAIRE, is located in Alcobendas while ENAIRE is located in Madrid, Spain. The Airport's runway length is 3500."
Bionico (a dish served for dessert) is a food found in Guadalajara in Mexico. The currency in Mexico is the Mexican peso inhabited by Mexicans.
Bionico (a dessert) is a food found in Guadalajara in Mexico. The currency in Mexico is the Mexican peso inhabited by the Mexicans.
Bionico is a food found in Mexico and served at the dessert course. The dessert can be found in Guadalajara. The currency of Mexico (inhabited by Mexicans) is Peso.
"The 11th Mississippi Infantry Monument is placed in the municipality of Gettysburg in Pennsylvania, in Adams County, USA. Adams County has Carroll County, Maryland to its southeast and the 11th Mississippi Infantry Monument is categorized as a Contributing Property."
"The 11th Mississippi Infantry Monument is categorised as a contributing property and stands in Adams County, Pennsylvania in the municipality of Gettysburg in the USA. Carroll County Maryland is southeast of Adams County."
"The 11th Mississippi Infantry Monument's location is Adams County, Pennsylvania, USA, in the municipality of Gettysburg. To the southeast of Adams County, lies Carroll County, Maryland. The 11th Mississippi Infantry Monument is a contributing property."
Bionico (served at the dessert course) is a food found in Mexico. The currency in Mexico is the Mexican peso inhabited by the Mexicans. Honey can be added to bionico.
Bionico is a dessert food that can be made with honey and is found in Mexico. Mexico is inhabited by Mexicans and their currency is the peso.
"Bionico (served at the dessert course) is a food found in Mexico. Honey can be used as a variation in the dish Bionico, the currency in Mexico is the peso inhabited by Mexicans."
"Located in Adams Country, Pennsylvania in the United States, the monument to the 11th Mississippi Infantry was erected in 2000. It is described as a contributing property. Cumberland County is to the north of Adams County."
"The 11th Mississippi Infantry Monument's located in the United States near Adams County, Pennsylvania. It falls under the category of Contributing property and was established in the year 2000. Adams County, Pennsylvania has Cumberland County, Pennsylvania to its north."
"The 11th Mississippi Infantry Monument was established in 2000 and is categorized as a Contributing Property. The monument is located in Adams County, Pennsylvania, USA and has Cumberland county, Pennsylvania to the north."
"Terence Rattigan, who died in 1977, wrote the film English Without Tears in co-authorship with Anatole de Grunwald. The film was directed by Harold French, an actor whose career began in 1920."
"The movie English Without Tears was written by Anatole de Grunwald and Terence Rattigan, who died in 1977, and directed by Harold French, who has been acting since 1920."
English Without Tears is a movie directed by Harold French who became an active actor in 1920. The movie was written by Anatole de Grunwald and Terence Rattigan. Rattigan passed away in 1977.
"The 11th Mississippi Infantry Monument is located in Adams County, Pennsylvania and was erected in 2000. The monument is in the municipality of Gettysburg in Pennsylvania and is categorised as a contributing property. Southwest of Adams County lies Frederick County Maryland."
"The 11th Mississippi Infantry Monument is in the municipality of Gettysburg, Pennsylvania and falls under the category of contributing property. The monument is in Adams County, which has Frederick County, Maryland to the southwest, and was established in the year 2000."
"Adams County, Pennsylvania has Frederick County, Maryland to its southwest and contains the municipality of Gettysburg where the 11th Mississippi Infantry Monument has stood since the year 2000. The monument is categorized as a Contributing Property."
Robert A.M. Stern is the architect for Alan B. Miller Hall which is located in Virginia at 101 Ukrop Way. The Mason School of Business are the current tenants of the building which is owned by The College of William and Mary.
Alan B Miller Hall is located in Virginia at 101 Ukrop Way and is owned by The College of William and Mary. It is currently tenanted by The Mason School of Business and was designed by Robert A.M. Stern.
Virginia's College of William and Mary is the home of the Robert A M Stern designed Alan B Miller Hall at 101 Ukrop Way which houses the Mason School of Business.
"The University of Burgundy in Dijon has 2,900 staff members along with 27,400 students, of which 9,400 are postgraduate students and 1,299 are PhD students."
"The University of Burgundy in Dijon has 2900 staff members that educate a total of 27400 students of them 1299 are doctoral students, and 9400 are postgraduate students."
"The University of Burgundy in Dijon has 2900 staff members that educate 27400 students. They have 1299 doctoral students, and 9400 postgraduate students."
"English Without Tears is an 89 minute movie written by Terence Rattigan and released on July 28th, 1944. Alan Jaggs was the editor while Nicholas Brodszky wrote the music for the film."
"On 1994-07-28,English Without Tears a 89 minutes long was released which is written by Terence Rattigan,done by Alan Jaggs and composed by Nicholas Brodszky."
"The film English Without Tears, written by Terence Rattigan, was released on 07-28-1944. Edited by Alan Jaggs, it has an 89 minute running time with music composed by Nicholas Brodszky.."
Death on a Factory Farm was produced and directed by Tom Simon and Sarah Teale. The film runs for 83 minutes.
"""Death on a Factory Farm"" is a film both directed and produced by Tom Simon and Sarah Teale. The film runs for 83 minutes."
Tom Simon and Sarah Teale directed and produced the 83 minutes movie Death on a Factory Farm.
"The Alan B. Miller Hall is located in Williamsburg, Virginia and is owned by The College of William and Mary. The building was designed by Robert A.M. Stern and has the address of 101 Ukrop Way. It is currently tenanted by The Mason School of Business."
"The address of Alan B. Miller Hall is 101 Ukrop Way in Williamsburg, Virginia and the property was designed by Robert A M Stern. The owner of the building is The College of William and Mary and The Mason School of Business are currently based at the Hall and are the current tenants."
"The College of William and Mary is the owner of the Alan B. Miller Hall in 101 Ukrop Way, Williamsburg, Virginia, designed by Robert A M Stern. The Mason School of Business are the current tenants of Alan B Miller Hall."
"John Mills and Cecil Parker starred in the 1956 movie It's Great to Be Young which runs 94 minutes and had Gilbert Taylor as the cinematographer. The movie costed £282,838."
"""It's Great to Be Young"", released in 1956, made 282,838 pounds at the box office. The film is 94 minutes long and stars Cecil Parker. John Mills also had a main role in the movie, and Gilbert Taylor did the cinematography."
"John Mills, accompanied by Cecil Parker, played the lead role in the 1956 film It's Great to Be Young. The 94 minute film was shot by cinematographer Gilbert Taylor and went on to receive £282,838."
"Liselotte Grschebina was born in Karlsruhe within the German Empire on May 2, 1908 and died on June 14, 1994 in Israel."
"Liselotte Grschebina was born on May 2, 1908 in the German Empire in Karlsruhe and died on June 14, 1994 in Israel."
"Liselotte Grschebina died on June 14, 1994 in Israel. Grschebina was born in the German Empire in Karlsruhe on May 2, 1908."
"The Pontiac Rageous, a coupe assembled in Michigan, was first and last produced in 1997. It had its assembly line in Detroit."
"The Pontiac Rageous, a car with a coupe body style, assembled in Detroit Michigan, was first and last produced in 1997."
"In 1997, the Pontiac Rageous coupe (assembled in Detroit, Michigan) went into and ended production."
John Mills played the lead role and Cecil Parker had a main role in the movie It's Great to Be Young. The movie was released in 1956 and had a duration of 94 minutes. Cyril Frankel is the director and Louis Levy is the music composer of the movie.
"It's Great to be Young is a 1956 film starring Cecil Parker and John Mills, who had a main role, was composed by Louis Levy, was directed by Cyril Frankel, and has a running time of 94 minutes."
It’s Great to be Young is a 1956 film starring John Mills and Cecil Parker that runs for 94 minutes. The director was Cyril Frankel and Louis Levy was the music composer.
The HBO film Death on a Factory Farm running at 83 minutes is produced and directed by Sarah Teale. The music is composed by Jamie Lawrence.
"HBO’s release, Death on a Factory Farm, was directed and produced by Sarah Teale. Jamie Lawrence wrote music for the 83 minute long film."
"""Death on a Factory Farm"" is a film that was produced and directed by Sarah Teale. Jamie Lawrence was the music composer. The film was broadcast by HBO and lasts 83 minutes."
"Liselotte Grschebina was born in Karlsruhe and died on June 14, 1994 in Petah Tikva, Israel, which is home to the Arab ethnic group."
"Liselotte Grschebina was born in Karlsruhe and died on June 14, 1994 in Petah Tikva, Israel which is home to the ethnic group 'Arabs'."
"Liselotte Grschebina was born in Karlsruhe and died on June 14, 1994 in Petah Tikva, Israel which is home to ethnic groups such as the Arabs."
"“Super Capers” is a 98-minute-long movie starring Tom Lister Jr. Distributed by Lionsgate, the film grossed $30,955. Ray Griggs was the director of the film."
"Super Capers is a film directed by Ray Griggs starring Tom Lister Jr. The film is 98 minutes long. Lionsgate served as a distributor for the film that ultimately grossed $30,955."
"The box office $30,955.00 film, Super Capers, with a running time of 98 minutes, starring Tom Lister Jr., was distributed by Lionsgate and directed by Ray Griggs."
"The Adolfo Suárez Madrid–Barajas Airport in Alcobendas is operated by ENAIRE and is 610m above sea level. It has a runway length of 3,500 and the runway name is 18L/36R."
Adolfo Suarez Madrid-Barajas Airport in Alcobendas is operated by ENAIRE from Madrid. The runway length is 3500 and the airport has an elevation of 610.0 metres above sea level. The runway name of the airport is 18L/36R.
"ENAIRE is the operating organisation for Adolfo Suarez Madrid-Barajas airport which is found in Alcobendas. The runway, which is called 18L/36R, has a length of 3500 and is 610 metres above sea level."
"Released on 28th July 1944 the 89 minutes long film, ""English Without Tears, "" was directed by Harold French, produced by Anatole de Grunwald, while the songs in the film were composed by Nicholas Brodszky."
"The movie English Without Tears was released on July 28, 1944. Nicholas Brodszky composed the music, while Harold French directed and Anatole de Grunwald produced the 89 minute film."
"The 89 minute film English Without Tears, released on 1944-07-28, was directed by Harold French and produced by Anatole de Grunwald. Nicholas Brodszky composed the music for English Without Tears."
"The Bedford Aerodrome is located in Thurleigh, postal code MK44, and is operated by MotorSport Vision, founded by Peter Ogden. Bedford Aerodrome's International Civil Aviation Organization (ICAO) identifier is EGBF."
"The location of Bedford Aerodrome is Thurleigh, postal code MK44 and the aerodrome is operated by MotorSport Vision which was founded by Peter Ogden. The ICAO location identifier for the Bedford Aerodrome is EGBF."
"The location of Bedford Aerodrome is Thurleigh, postal code MK44, and the ICAO location identifier for the aerodrome is EGBF. The operator of the aerodrome is MotorSport Vision which was founded by Peter Ogden."
"The runway length of the Bedford Aerodrome in Thurleigh, is 1095 and it is operated by MotorSport Vision. Bedford Aerodrome's International Civil Aviation Organization (ICAO) identifier is EGBF and it serves the Bedford Autodrome."
"The ICAO location identifier for the Bedford Aerodrome in Thurleigh, is EGBF and the runway length is 1095.The aerodrome serves the Bedford Autodrome and is operated by MotorSport Vision."
"Bedford Aerodrome in Thurleigh, serves the Bedford Autodrome and is run by MotorSport Vision. The runway length at the aerodrome is 1095 and its ICAO location identifier is EGBF."
"Tom Simon and Sarah Teale produced the movie Death on a Factory Farm which was broadcasted by the Time Warner owned HBO which has headquarters in New York City, New York."
"The film Death on a Factory Farm was produced by Tom Simon and Sarah Teale and is broadcasted by HBO. Owned by Time Warner, HBO's headquarters is in New York City."
"HBO's headquarters are situated in New York City, and it is headed by Time Warner. HBO released Death on a Factory Farm produced by Sarah Teale and Tom Simon."
"Operated by Enaire, the Adolfo Suarez Madrid-Barajas airport is based in the Alcobendas area of the Spanish city of Madrid. It is situated 610 metres above sea level."
"Adolfo Suárez Madrid–Barajas Airport is in Alcobendas and has an elevation of 610.0 metres above sea level. It is operated by ENAIRE, based in Madrid, Spain."
"Adolfo Suarez Madrid-Barajas Airport in Alcobendas is operated by ENAIRE which is based in Madrid, Spain. The airport has an elevation of 610 metres above sea level."
"A film named ""English Without Tears"" was released on July 28th, 1944. The film was edited by Alan Jaggs and produced by Anatole de Grunwald. Interestingly enough, the script was also written by Anatole de Grunwald. Finally, film buffs should know that Bernard Knowles was the cinematographer responsible for the beauty of this movie."
"English Without Tears was written and produced by Anatole de Grunwald and it was released on July 28th, 1944. Bernard Knowles was the cinematographer while Alan Jaggs was the editor."
"""English Without Tears"", released 7-28-1944, was both produced and written by Anatole de Grunwald. Bernard Knowles did the cinematography for the movie, while Alan Jaggs was put in charge of editing."
"Adams County, Pennsylvania has Cumberland County, Pennsylvania to its north. In Adams County stands the 11th Mississippi Infantry Monument, which was established in the year 2000. The monument falls under the category of contributing property."
"The location of the 11th Mississippi Infantry Monument, established in 2000, is Adams County, Pennsylvania which has Cumberland county, Pennsylvania to its north. The 11th Mississippi Infantry Monument is categorized as a Contributing Property."
"Pennsylvania's Cumberland County is to the north of the Adams County, Pennsylvania where the the 11th Mississippi Infantry Monument is located. The monument is categorised as a contributing property and was erected in 2000."
Liselotte Grschebina of Israeli nationality (pop. density of Israel - 387.63) is a photographer born within the German Empire that was founded on the first of January 1871.
"Liselotte Grschebina is a photographer and Israeli national who was born in the German Empire which was founded on January 1, 1871 and the population density of Israel is 387.63 people per square kilometre of land area."
"Liselotte Grschebina was an Israeli professional photographer who was born in the German Empire which was founded on January 1, 1871 and has a population density of 387.63 people per square kilometre of land area."
"GMA New Media, led by Felipe Gozon, is an entertainment company that is a subsidiary of GMA Network and owns Philippine Entertainment Portal and Digify, Inc."
"Felipe Gozon is CEO at GMA New Media, an entertainment company. GMA New Media operates under GMA Network with subsidiaries Digify and Philippine Entertainment Portal."
"GMA New Media, Inc. is a subsidiary of GMA Network. GMA New Media offers applications in the Entertainment Industry. Felipe Gozon is the key person in GMA New Media. Both Philippine Entertainment Portal, Inc. and Digify Inc. are subsidiaries of the company."
The College of William and Mary own the Alan B. Miller Hall which was built in the Georgian architectural style. The building was designed by Robert A.M. Stern and has the address of 101 Ukrop Way. The current tenants are The Mason School of Business.
"Alan B. Miller Hall was designed in the Georgian style by Robert A.M. Stern. The College of William and Mary currently own the Alan B. Miller Hall at 101 Ukrop Way, which has as its tenants The Mason School of Business."
The Mason School of Business are the current tenants of Alan B Miller Hall which is designed in the Georgian architectural style. It is owned by The College of William and Mary and was designed by Robert A M Stern. The address of the building is 101 Ukrop Way.
"GMA New Media is located in Quezon, Philippines (a city dominated by the Liberal Party). Founded 12/06/1898, GMA New Media produces web services."
"GMA New Media, located in the Liberal Party led Quezon City, Philippines, offers World Wide Web related services. GMA New Media’s home country, the Philippines, were founded on 1898-06-12."
"GMA New Media is a company that makes web sites and its headquarters are located in Quezon City in the Philippines (founded on June 12, 1898). The leader Party of Quezon City is the Liberal Party of the Philippines."
Carroll County Maryland is southeast of Adams County Pennsylvania where the 11th Mississippi Infantry Monument is located in the municipality of Gettysburg. The 11th Mississippi Infantry Monument is categorised as a contributing property and Pennsylvania's Cumberland County is to the north of Adams County where the monument stands.
"To the southeast of Adams County, Pennsylvania lies Carroll County, Maryland and Cumberland County, Pennsylvania is to its north. The 11th Mississippi Infantry Monument, which falls under the category of Contributing property, is located in Adams County, in the municipality of Gettysburg."
"The location of the 11th Mississippi Infantry Monument is Adams County, Pennsylvania in the municipality of Gettysburg. Adams County has Carroll County, Maryland to its southeast and Cumberland County, Pennsylvania to the north. The monument is categorized as a Contributing Property."
"McVeagh of the South Seas (IMDb id 0004319) was written by Harry Carey, born in 1878, who also had a role in the film. McVeagh of the South Seas was produced by the Progressive Motion Picture Company and distributed by the Alliance Films Corporation."
"Harry Carey, born in 1878, wrote and starred in McVeagh of the South Seas which was produced by the Progressive Motion Picture Company. The movie was registered in IMDb with the ID 0004319 and distributed by Alliance Films Corporation."
"The film McVeagh of the South Seas was written by and starred the actor Harry Carey, who was born in 1878. The film was produced by the Progressive Motion Picture Company and distributed by Alliance Films Corporation. The film can be found in IMDb under the ID 0004319."
Ciudad Ayala is a city which is part of Morelos in Mexico and the metropolitan area has a population of 1777539. Its government is council-manager and the city has a UTC offset of -6.
"Ciudad Ayala is a part of Morelos and is in the country of Mexico. The population of the metropolitan area is 1,777,539 and is governed by a council-manager government. Their UTC offset is -6."
"Ciudad Ayala part of Morelos in Mexico with population of 1,777,539 falls into UTC offset -6 time zone. The type of government here is called the council-manager government."
"Hypermarcas, located in Sao Paulo, Brazil, produces pharmaceutical drugs and healthcare products. One of the leaders in Brazil is President of the Supreme Federal Court."
"Although their main product is drugs, Hypermarcas, located in Sao Paulo, Brazil and led by the President of the Supreme Federal Court also sells healthcare products."
"Hypermarcas is a maker of drugs and healthcare products located in São Paulo, Brazil, a country where President of the Supreme Federal Court is a leadership title."
"Liselotte Grschebina, born May 2, 1908 in Karlsruhe studied at the School of Applied Arts in Stuttgart before her death in Israel on June 14, 1994."
"Liselotte Grschebina was born in Karlsruhe on May 2, 1908, studied at the School of Applied Arts in Stuttgart and died in Israel on June 14, 1994."
"Liselotte Grschebina was born in Karlsruhe on May 2nd, 1908, attended the school of Applied Arts in Stuttgart and died in Israel on June 14, 1994."
"Bionico (a dish served for dessert) is a food made with condensed milk found in Mexico. Mexicans are people in Mexico, the currency in Mexico is the Mexican peso."
Bionico (is a dessert) is a food made with condensed milk found in Mexico. The currency in Mexico is the Mexican peso inhabited by Mexicans.
Bionico (served at the dessert course) is a food made with condensed milk found in Mexico. The currency in Mexico is the peso inhabited by the Mexicans.
"Liselotte Grschebina was an Israeli who attended the school of Applied Arts in Stuttgart and was born in the German Empire. One of the official languages of Israel Is Modern Standard Arabic and has a total area of 20,769 square kilometers."
"Liselotte Grschebina was born in the German Empire, did her studies at the School of Applied Arts in Stuttgart and is an Israeli national. Israel has a total area of 20,769 square kilometers and one of the official languages of Israel Is Modern Standard Arabic."
"Liselotte Grschebina studied at the School of Applied Arts in Stuttgart, was born within the German Empire, and has Israeli nationality. Israel's official language is Modern Standard Arabic and the total area of Israel is 20769100000.0."
"At a length of 98 minutes, the movie Super Capers starred Michael Rooker and Tom Sizemore. The film was distributed by both Roadside Attractions and Lionsgate."
"The movie ""Super Capers"" (98 minute length) stars Michael Rooker and Tom Sizemore. The film is distributed by Lionsgate and Roadside Attractions."
"Lionsgate distributed Super Capers, a 98 minute long movie starring Tom Sizemore. Michael Rooker is also in the film which was distributed by Roadside Attractions."
Tom Simon directed and produced Death on a Factory Farm which was also produced by Sarah Teale. The movie was edited by Geof Bartz and released by HBO.
"Broadcast by HBO, Death on a Factory Farm starred and was produced by Tom Simon and Sarah Teale. It was edited by Geof Bartz."
"The HBO broadcast film Death on a Factory Farm was directed by Tom Simon, who also served as the film’s producer with Sarah Teale. Geof Bartz edited the film."
"Cyril Frankel directed the 1956 film It's Great to Be Young which runs 94 minutes and costed £282,838. The movie is starring John Mills and in Gilbert Taylor's cinematography."
"The director of the movie ""It's Great to Be Young"" was Cyril Frankel, and the cinematographer was Gilbert Taylor. John Mills had a main role in the film. The length of the movie is 94 minutes and it has taken in 282,838 pounds at the box office."
"Released in 1956, the movie It's Great to Be Young featured John Mills in the lead and Cyril Frankel as the director. Gilbert Taylor was the cinematographer for the 94-minute film, which received £282,838."
"Serving the Bedford Autodrome area, Bedford Aerodrome is located in Thurleigh, with an elevation of 83.2104 above sea level, a runway length of 1095.0 and is operated by MotorSport Vision."
MotorSport Vision operates the Bedford Aerodrome which is in Thurleigh and serves the Bedford Autodrome. The runway length at the Bedford Aerodrome is 1095 and it is 83.2104 meters above sea level.
"At 83.2 metres above sea level and with a runway distance of 1095 metres, Bedford Aerodrome is located in Thurleigh. It has an operating organisation called MotorSport Vision and serves the Bedford Autodrome."
"The Pontiac Rageous was a car manufactured by Pontiac. It went into production in 1997 and ended the same year. It was assembled in Detroit, Michigan."
"The Pontiac Rageous is manufactured by Pontiac and was first produced in 1997 in Detroit, Michigan. The Pontiac Rageous was also last produced in the same year."
"The Pontiac Rageous, manufactured by Pontiac, assembled in Detroit Michigan, was first and last produced in 1997."
"In the Pacific Daylight/Standard Time Zone, the city of Ciudad Ayala has a leader known as the Governator. Its population density is 1604 and it stands 1147 metres above sea level."
"Elevated 1147 metres above sea level and with a population density of 1604, the city of Ciudad Ayala is in the Pacific Standard Time Zone or PDT. Its leader is known as the governator."
"With a population density of 1604, the city of Ciudad Ayala is situated 1147 metres above sea level. It is in the Pacific Daylight/Pacific Standard time zone and is led by a governator."
"The Bedford Aerodrome runway name is 08/26, it is 1095 long and the surface is made of concrete, it is also 83.2104 meters above sea level. The ICAO location identifier for the aerodrome is EGBF."
The Bedford Aerodrome runway surface is made out of concrete and is named 08/26 as well as being 1095 long. Its International Civil Aviation Organization (ICAO) identifier is EGBF and it is 83.2104 above sea level.
"The ICAO location identifier for Bedford Aerodrome is EGBF and its runway, which is made of concrete and named ""08/26"", is 1095 long.The aerodrome is 83.2 meters above sea level."
"Harry Carey, born in 1878, wrote, directed and starred in the movie McVeagh of the South Seas which was also directed by Cyril Bruce and registered in IMDb with the ID 0004319."
"Harry Carey, born in 1878, wrote, directed and starred in McVeagh of the South Seas. The movie was also directed by Cyril Bruce and was registered in IMDb with the ID 0004319."
"""McVeagh of the South Seas"" (IMDb ID 0004319) is a film written by and starring actor Harry Carey (born 1878). Carey also co-directed the film with Cyril Bruce."
"The University of Burgundy in Dijon has 2900 staff members that educate 16800 undergraduate students, 1299 doctoral students, and 9400 postgraduate students a total of 27400 students combined."
"The University of Burgundy in Dijon has 2900 staff members that serve 27400 students, of which 1299 are doctoral students and 16800 are undergraduates."
"There are 27400 students at the University of Burgundy, 16800 are undergraduate students,1299 doctoral students and 2900 staff members.The university campus is located in Dijon."
"Alan B. Miller Hall, which is owned by The College of William and Mary, was designed by the architect Robert A.M. Stern. The address of the hall is 101 Ukrop Way and the current tenants are the Mason School of Business."
"Alan B. Miller Hall, property of The College of William and Mary, was designed by architect Robert A.M. Stern. The location of the building is 101 Ukrop Way and it is currently tenanted by The Mason School of Business."
Alan B. Miller Hall’s address is 101 Ukrop Way and the building was designed by Robert A.M. Stern. The Mason School of Business are the current tenants and The College of William and Mary are the owners of the building.
"John Mills, died in 2005, played leading role in the 1956 film It' Great to be young which was directed by Cyril Frankel. Cecil Parker also had a main role in the movie which was written by Ted Willis."
"It's Great to Be Young (1956) movie written by Ted Willis and directed by Cyril Frankel. The movie stars Cecil Parker and John Mills, who died in 2005."
"John Mills, who died in 2005, played a major role in It's Great to be Young, a 1956 film directed by Cyril Frankel. Cecil Parker starred in the film which was written by Ted Willis."
"Hypermarcas, a company that makes healthcare products and sells cosmetics, employs 10,252 people. Hypermarcas had a net income of $108,600,000 and its revenue is $1,800,000,000."
"Hypermarcas produces healthcare and cosmetic products. With 10252 employees they have a net income of 108,600,00 and makes $1,800,00,00 a year."
"Hypermarcas, with yearly earnings of 1800000000, has a net income of 108,600,000 and employs 10252 people. The company produces cosmetics and sells healthcare products."
"Roadside Attractions and the public company Lionsgate distributed the English-language movie Super Capers with ""en"" as the ISO 639-1 code."
"The public company, Lionsgate, and Roadside Attractions distributed the movie ""Super Capers"". ""Super Capers"" is filmed in English, whose ISO 639-1 code is ""en""."
"Super Capers is an English movie that is distributed by Roadside Attractions and Lionsgate, which is a public company. The code for English is en in the ISO 639-1 standard."
The Bedford Aerodrome serves the Bedford Autodrome and is 83.2104 meters above sea level. The ICAO location identifier for the aerodrome is EGBF and its concrete surfaced runway is named 08/26.
"The Bedford Aerodrome served the Bedford Autodrome and its International Civil Aviation Organization (ICAO) identifier is EGBF. The Bedford Aerodrome is at an elevation of 83.2104 above sea level and has a runway, which is made out of concrete, called 08/26."
The Mexican city of Ciudad Ayala is run by a leader known as the governator. Its population density is 1604 and its UTC offset is -6.
Ciudad Ayala is a city in the UTC offset -6 timezone in the country of Mexico with a population density of 1604.0. The city leader is called the governator.
"Ciudad Ayala, with a UTC offset of -6, is a city in Mexico led by a Governator with a population density of 1604."
The leader of Ciudad Ayala is Juan Nolasco and it uses a council-manager type of government. The population density of Ciudad Ayala is 1604.0 and the time zone of Ciudad Ayala is the Pacific Standard Time Zone or Pacific Daylight Time depending on months of the year.
"Juan Nolasco is one of the leaders of Ciudad Ayala, a city in the Pacific Standard Time Zone governed by a council-manager. Located in the Pacific Daylight time zone, Ciudad Ayala has a population density of 1604."
"Led by Juan Nolasco, the council-manager led city of Ciudad Ayala has a population density of 1604. It is based in the PDT and Pacific Standard time zone."
The Acharya Institute of Technology which is affiliated to Visvesvaraya Technological University has 700 postgraduate students.
The Acharya Institute of Technology is affiliated with Visvesvaraya Technological University and has about 700 post-graduate students.
"The Acharya Institute of Technology, with around 700 postgraduate students, is affiliated with the Visvesvaraya Technological University."
Super Capers is a 98 minute movie starring Michael Rooker and Tom Sizemore. Stacy Katzman edited Super Capers which was filmed in English.
"Super Capers, a film starring Tom Sizemore and Michael Rooker, is 98 minutes long. In charge of editing was Stacy Katzman, and the film is in English."
Super Capers is an English-language film starring Tom Sizemore and featuring Michael Rooker. The 98-minute film was edited by Stacy Katzman.
"Super Capers is a film starring Michael Rooker and Tom Sizemore, who began his career in 1989. The language of the movie Super Capers is English, which is the spoken language in Great Britain."
The movie Super Capers is an American film starring Tom Sizemore and Michael Rooker. The language in Great Britain is English and Sizemore started acting in 1989.
"Super Capers is an English film, a language spoken in Great Britain. The film stars Michael Rooker and Tom Sizemore, who started acting in 1989."
Mexico is inhabited by Mexicans and the currency used there is the Mexican peso. Bionico is a dish served for dessert there and sour cream is used to make this dish.
"Bionico, served at the dessert course, is a food made of sour cream found in Mexico. The currency in Mexico is the Mexican peso inhabited by the Mexicans."
"Bionico, a dessert, is a food made with sour cream found in Mexico. The currency in Mexico is the Mexican peso inhabited by the Mexicans."
John Mills had a main role in the 94 minute movie It's Great to Be Young which took 282838 pounds at the box office. Louis Levy composed the music for the movie which had Gilbert Taylor as the cinematographer.
"The 1956 film “ It's Great to Be Young” cost £282,838 to produce and is 94 minutes in length. Louis Levy composed music for the film and Gilbert Taylor did the cinematography. The movie stars John Mills."
"It's Great to Be Young, the 94-minute, 1956 film, received £282,838. The lead was played by John Mills, and the music was composed by Louis Levy. Gilbert Taylor was responsible for the cinematography."
"The University of Burgundy has 27400 students, of which 9400 are postgraduates. The University is located in Dijon, France, and is a campus university."
"The University of Burgundy in Dijon, France has 27400 students and 9400 of them are postgraduate students."
"Adolfo Suárez Madrid-Barajas Airport in Alcobendas has an elevation of 610.0 metres above sea level and has a runway length of 4,349. It is operated by ENAIRE, which is in the city of Madrid."
"ENAIRE, based in Madrid, is the operating organisation for Adolfo Suarez Madrid-Barajas airport which is in Alcobendas. The airport has a runway that is 4349 metres long and it is 610 metres above sea level."
"Adolfo Suarez Madrid-Barajas Airport in Alcobendas, Spain, is operated by ENAIRE which is based in Madrid. The airport's runway length is 3500."
"The Adolfo Suárez Madrid–Barajas Airport is operated by ENAIRE in Alcobendas in the city of Madrid, and Alcobendas is located in Spain. The runway length of Adolfo Suárez Madrid–Barajas Airport is 3,500."
"ENAIRE in Madrid, is the operating organisation for Adolfo Suarez Madrid-Barajas airport which is in Alcobendas, Spain. The runway length at Adolfo Suarez Madrid-Barajas airport is 3500."
"English Without Tears, an 89 minute long film released on 1944-07-28, was directed by Harold French. The editing was done by Alan Jaggs, and the composing was done by Nicholas Brodszky."
"Harold French and directed the 89 minutes film English Without Tears which was edited by Alan Jaggs and released on July 28, 1944. The songs of the movies was composed by Nicholas Brodszky."
The film English Without Tears (release date 7-28-1944) is directed by Harold French. The music is composed by Nicholas Brodszky with the editing done by Alan Jaggs. The film duration is 89 minutes.
"Located in Brazil, Hypermarcas is an S.A. corporation that produces pharmaceutical drugs. It is headed by the CEO."
"Hypermarcas, a type of S.A. corporation in the pharmaceutical industry, is located in Brazil. Hypermarcas makes drugs under the direction of their CEO, the key person."
"Hypermarcas, a pharmaceuticals company located in Brazil, is managed by their CEO and is a type of S.A. corporation. The company's main product is drugs."
Bionico (contains raisins) is a food served at the dessert course found in Mexico. The currency in Mexico is the Mexican peso inhabited by the Mexicans.
Bionico (a dish served for dessert) is a food that contains raisins found in Mexico. The currency in Mexico is the peso inhabited by Mexicans.
"Bionico is a dessert that contains raisins and is found in Mexico, which is inhabited by Mexicans and uses the currency of the peso."
"Ciudad Ayala, with a UTC offset of -6, is a city that is part of Morelos with a council-manager type of government that is led by a Governator."
"Led by a governator, the city of Ciudad Ayala is a part of the state of Morelos. Its UTC offset is -6 and it is run by a council-manager government."
"Ciudad Ayala, in the UTC offset -6 time-zone, is a city in Morelos that has a council-manager type of government and whose leader is called the governator."
"Pennsylvania's Franklin County is found to the west of Adams County, Pennsylvania and Cumberland County, Pennsylvania is found to the north. The 11th Mississippi Infantry Monument, erected in 2000 in Adams County, is categorised as a contributing property."
"The 11th Mississippi Infantry Monument, established in the year 2000, falls under the category of contributing property and is located in Adams County Pennsylvania which is East of Franklin County, Pennsylvania. Adams County also has Cumberland County, Pennsylvania to its north."
"The location of the 11th Mississippi Infantry Monument, built in 2000, is Adams County, Pennsylvania which has Franklin County, Pennsylvania to the west and Cumberland County, Pennsylvania to the north. This monument is classified as a Contributing Property."
"MotorSport Vision is based in the city of Longfield, Kent and operates The Bedford Aerodrome in Thurleigh, which has a runway length of 1095."
"MotorSport Vision is based in the city of Longfield and the city of Kent, UK. MotorSport Vision operates the Bedford Aerodrome, which is located in Thurleigh, and had a runway length of 1095."
"MotorSport Vision in Longfield, Kent, is the operating organisation for Bedford Aerodrome which is located in Thurleigh. The runway length of the Bedford Aerodrome is 1095."
Anatole de Grunwald wrote and produced the 89 minute movie English Without Tears which was edited by Alan Jaggs and had Bernard Knowles as the cinematographer.
"English Without Tears is a, 89 minute movie written and produced by Anatole de Grunwald. Alan Jaggs was the editor and Bernard Knowles was the cinematographer."
"Liselotte Grschebina is an Israeli national who died in Petah Tikva, Israel which is formally known as the State of Israel and has a population density of 387.63 people per square kilometre of land area."
"Liselotte Grschebina was an Israeli who died in Petah Tikva, Israel which has a population density of 387.63 people per square kilometre of land area and is named ""State of Israel."""
"Liselotte Grschebina has Israeli nationality and died in Petah Tikva, Israel. Israel has the population density of 387.63 and its full name is the State of Israel."
"Liselotte Grschebina was born on May 2, 1908 within the German Empire and died on June 14, 1994. The national anthem of the German Empire was Das Lied der Deutschen and Die Wacht Am Rhein."
"Liselotte Grschebina died on June 14, 1994 and was born on on May 2nd, 1908 in the German Empire which has the national anthem of Das Lied der Deutschen and Die Wacht am Rhein."
"Liselotte Grschebina was born on May 2, 1908 in the German Empire, whose anthem is Das Lied der Deutschen as well as Die Wacht am Rhein. Grschebina died on June 14, 1994."
"Dr. G. P. Prabhukumar is the director of the Acharya Institute of Technology. Its address is Soldevanahalli, Acharya Dr. Sarvapalli Radhakrishnan Road, Hessarghatta Main Road, Bangalore - 560090. The All India Council for Technical Education, located in Mumbai, was proud to give the Technical Campus status to the Acharya Institute of Technology."
"Dr. G. P. Prabhukumar is the director of the Acharya Institute of Technology which is based in Bangalore. The All India Council for Technical Education which is located in Mumbai gave the institute Technical Campus status. The address for the campus is: Soldevanahalli, Acharya Dr. Sarvapalli Radhakrishnan Road, Hessarghatta Main Road, Bangalore - 560090."
"Acharya Institute of Technology is directed by Dr. G. P. Prabhukumar and was given the Technical Campus status by the All India Council for Technical Education which is located in Mumbai. The Acharya Institute of Technology campus is located in Soldevanahalli, Acharya Dr. Sarvapalli Radhakrishnan Road, Hessarghatta Main Road, Bangalore – 560090 which is in Bangalore."
"Bionico (made with granola) is a food found in Guadalajara in Mexico. The currency in Mexico is the Mexican peso, and the country is inhabited by Mexicans."
Bionico (made with granola) is a food found in Guadalajara in Mexico. The currency of Mexico is the peso inhabited by Mexicans.
"Bionico is a food found in Mexico, in the Guadalajara area. This dish is made using granola. In Mexico, where the people are known as ‘Mexicans’, the local currency is the peso."
"ENAIRE, located in Madrid, is the operating organisation for Adolfo Suarez Madrid-Barajas airport in Alcobendas. The airport is elevated 610 metres above sea level and its runway name is 14L/32R."
The Adolfo Suárez Madrid–Barajas Airport in Alcobendas is operated by ENAIRE which is based in the city of Madrid. The airport has an elevation of 610 metres above sea level and has a runway named 14L/32R.
"Adolfo Suarez Madrid-Barajas Airport in Alcobendas, is operated by ENAIRE, located in Madrid and has an elevation of 610 metres above sea level. The runway name is 14L/32R."
"The music for the movie ""English Without Tears"" was composed by Nicholas Brodszky, whereas the movie was edited by Alan Jaggs, produced and written by Anatole de Grunwald, while Bernard Knowles did the cinematography."
Anatole de Grunwald wrote and produced English Without Tears which was edited by Alan Jaggs and had Bernard Knowles as the cinematographer. Nicholas Brodszky composed the music of the movie.
"The soundtrack for the film English Without Tears, written and produced by Anatole de Grunwald, was done by Nicholas Brodszky. Alan Jaggs was the film editor, and Bernard Knowles was the cinematographer."
"The University of Burgundy has 2900 staff members that educate 16800 undergraduate students, 1299 doctoral students, and 9400 postgraduate students a total of 27400 students combined."
"2900 University of Burgundy staff members support 27400 students, of whom 16800 are undergraduates, 9400 are postgraduates and 1299 are doctoral."
"At the University of Burgundy, 2900 staff members support a student body of 27400 which consists of 16800 undergraduate, 9400 postgraduate and 1299 doctoral students."
"Lionsgate, the distributor for the movie Super Capers, has two key people: Jon Feltheimer and Michael R. Burns. Super Capers is directed by Ray Griggs and stars Michael Rooker."
"Super Capers was distributed by Lionsgate but, directed by Ray Griggs. Michael Rooker played in the movie as well. Michael R Burns and Jon Feltheimer are key people of Lionsgate."
"Michael R Burns and Jon Feltheimer played key roles for the company Lionsgate in the distribution of the film ""Super Capers,"" starring Michael Rooker and directed by Ray Griggs."
"Israeli national Liselotte Grschebina, born on 1908-05-02 in Karlsruhe, died on the 14th of June, 1994 in Israel."
"Liselotte Grschebina is an Israeli national who was born in Karlsruhe on May 2, 1908 and died in Israel on June 14, 1994."
"Liselotte Grschebina was an Israeli who was born in Karlsruhe on May 2, 1908 and died on June 14, 1994 in Israel."
"Harry Carey, born in 1878, wrote, directed and acted in the film McVeagh of the South Seas which was produced by the Progressive Motion Picture Company. Cyril Bruce also directed the movie which was distributed by Alliance Films Corporation."
"Harry Carey, born in 1878, wrote and directed McVeagh of the South Seas. Cyril Bruce was also a director, while the movie was produced by the Progressive Motion Picture Company and distributed by Alliance Films Corporation."
"Cyril Bruce and the actor Harry Carey, the latter also being the author, both born in 1878, directed the movie "" McVeagh of the South Seas"" which was produced by the Progressive Motion Picture Company and distributed by Alliance Films Corporation."
"The 11th Mississippi Infantry Monument was established in the year 2000 in Adams County, Pennsylvania, USA and falls under the category of contributing property. To the southeast of Adams County, lies Carroll County, Maryland."
"Carroll County Maryland is southeast of Adams County Pennsylvania, USA, the location of the 11th Mississippi Infantry Monument which is categorised as a contributing property. The monument was erected in the year 2000."
"The 11th Mississippi Infantry Monument, erected in 2000, is located in Adams County, Pennsylvania, United States. It is categorized as a contributing property. Carroll County, Maryland is to the southeast of Adams County, Pennsylvania."
The currency of Mexico is the peso and the local people are called Mexicans. In Mexico there is a region called Jalisco which makes a dessert called bionico that requires granola as one of its ingredients.
Bionico (made from Granola) is a food from the region Jalisco in Mexico. The currency in Mexico is the Mexican peso inhabited by the Mexicans.
"In the film It's Great to Be Young, which was filmed in 1956 and lasted 94 minutes, Cyril Frankel was the director, Gilbert Taylor was the cinematographer. The film music composer was Louis Levy, and the main role was portrayed by Cecil Parker."
"It's Great to Be Young (included in Gilbert Taylor's cinematography) debuted in 1956, was directed by Cyril Frankel. Cecil Parker starred in the 94 minute movie musically composed by Louis Levy."
"The 1956 film ""It's Great to be Young"" lasted for 94 minutes and starred Cecil Parker. The director was Cyril Frankel and the cinematographer was Gilbert Taylor. The film music was composed by Louis Levy."
MotorSport Vision is the operating organisation for Bedford Aerodrome which has a runway surface made out of concrete. Bedford Aerodrome's International Civil Aviation Organization (ICAO) identifier is EGBF and it is 83.2104 above sea level. The aerodrome has a runway called 08/26.
"The Bedford Aerodrome, operated by the MotorSport Vision, is located 83.2 meters above sea level at ICAO location identifier EGBF. It has a concrete runway named ""08/26""."
"MotorSport Vision operates the Bedford Aerodrome, whose ICAO location identifier is EGBF. It is also known for a runway called 08/26, and it has a runway surface made of concrete with the elevation above sea level of 82.2104."
Super Capers is a 98-minute English-language movie that was edited by Stacy Katzman. It was written by Lionsgate and Roadside Attractions.
Lionsgate and Roadside Attractions distributed English language movie Super Capers which was edited by Stacy Katzman and runs 98 minutes.
"Super Capers is a film distributed by Roadside Attractions and Lionsgate, with a running time of 98 minutes. Super Capers, which is an English-language film, was edited by Stacy Katzman."
Tom Simon directed and produced the 83 minute movie Death on a Factory Farm which was edited by Geof Bartz and broadcasted by HBO.
Tom Simon directed and produced the 83 minute movie Death on a Factory Farm which was released by HBO and had Geof Bartz as the editor.
"The HBO film Death on a Factory Farm was produced and directed by Tom Simon. The film, which runs 83 minutes, was edited by Geof Bartz."
"Liselotte Grschebina was born May 2, 1908 in Israel. She attended the school of Applied Arts in Stuttgart and became a professional photographer. She died on June 14, 1994."
"Liselotte Grschebina was a photographer who has Israeli nationality and was born in May 2, 1908. She studied at the School of Applied Arts in Stuttgart and died on June 14, 1994."
"Liselotte Grschebina (born May 2, 1908) was a professional Israeli photographer. She studied at the School of Applied Arts in Stuttgart before her death on June 14, 1994."
"The architect of Alan B Miller Hall, at 101 Ukrop Way, Williamsburg, Virginia, USA, is Robert A M Stern. The Mason School of Business are the current occupants of Alan B Miller Hall."
"The Alan B. Miller Hall was designed by Robert A.M. Stern. The current tenant of the Alan B. Miller Hall is the Mason School of Business. The Alan B. Miller Hall is located at ""101 Ukrop Way,"" Williamsburg, Virginia, in the United States."
"Robert A.M. Stern was the designer of Alan B. Miller Hall which is at 101 Ukrop Way. The Mason School of Business are the current tenants of the Hall which is located in Virginia in Williamsburg, USA."
"The Adolfo Suárez Madrid–Barajas Airport is in Alcobendas, Spain, with an elevation of 610.0 metres above sea level. The Adolfo Suárez Madrid–Barajas Airport is operated by ENAIRE, based in the city of Madrid."
"Adolfo Suarez Madrid-Barajas Airport in Alcobendas, Spain, is operated by ENAIRE, which is based in Madrid. The airport has an elevation of 610 metres above sea level."
"ENAIRE, in Madrid, is the operating organisation for Adolfo Suarez Madrid-Barajas airport in Alcobendas, Spain. The airport is 610 metres above sea level."
"The University of Burgundy is located in the city of Dijon, has 27400 students, 16800 undergraduate students, 2900 staff members and 1299 doctoral students."
"The University of Burgundy, located in the city of Dijon, has a staff of 2900 members and an enrollment of 27400 students, 16800 of which are undergraduate students and 1299 which are doctoral students."
"The University of Burgundy which is located in the city of Dijon has 2900 staff members and 27400 students, 16,800 are undergraduate students and 1299 are doctoral students."
Bionico (served at the dessert course) is a food found in the region of Jalisco in Mexico. The currency in Mexico is the Mexican peso inhabited by the Mexicans.
Bionico (a dessert) is a food found in the region of Jalisco in Mexico. The currency of Mexico is the peso inhabited by Mexicans.
"Bionico (a dish served for dessert) is a food from the region Jalisco in Mexico. The currency in Mexico is the Mexican peso, and the people living there are called Mexicans."
"Hypermarcas, an S.A. corporation founded on January 1, 2001, is a pharmaceutical company with a net income of $108,600,000. Mantecorp is its subsidiary."
"Hypermarcas is a type of S.A (corporation) in the pharmaceuticals industry founded on January 1, 2001. It has a subsidiary called Mantecorp and a net income of 108,600,000."
"Hypermarcas, a type of S.A. corporation in the pharmaceutical industry, was founded on 2001-01-01. Hypermarcas' net income is $108,600,000 and they have a subsidiary called Mantecorp."
Sarah Teale directed and produced the 83-minute movie Death on a Factory Farm which had Jamie Lawrence as the music composer. Tom Simon was also a producer of the movie.
"Tom Simon and Sarah Teale produced the film named Death on a Factory Farm. Music was composed by Jamie Lawrence; it was directed by Sarah Teale, and it has a running time of 83 minutes."
"Death on a Factory Farm was directed by Sarah Teale, produced by Sarah Teale and Tom Simon, composed by Jamie Lawrence, and had a running time of 83 minutes."
"It's Great to Be Young (a 1956 film directed by Cyril Frankel) is 94 minutes long. Louis Levy is the music composer for the film, while Cecil Parker had a main role in the film and Ted Willis is the writer."
"The running time of the movie It's Great to Be Young directed by Cyril Frankel, starring Cecil Parker in 1956 is 94 minutes. Ted Willis is the writer of the film and Louis Levy is the music composer."
"The 1956 film ""It's Great to Be Young"" was written by Ted Willis, starred Cecil Parker, and was directed by Cyril Frankel. ""It's Great to Be Young"" has a length of 94 minutes and its music was composed by Louis Levy."
"Super Capers is a film starring Michael Rooker and Tom Sizemore.The film was edited by Stacy Katzman, and the language is English. Roadside Attractions is the distributor of the movie."
"The English film Super Capers, distributed by Roadside Attractions, stars Michael Rooker and Tom Sizemore. Stacy Katzman was the editor of Super Capers."
Michael Rooker and Tom Sizemore starred in the English language movie Super Capers which was edited by Stacy Katzman and distributed by Roadside Attractions.
