0,The City Manager is the leader of the city of Ciudad Ayala which is,"Ciudad Ayala is a city with population density and population of 1604 and 1777539 respectively, where the leader is called the City Manager. The government type in the city of Ciudad Ayala is council-manager.",7.226305897283436
1,The City Manager is the leader of the city of Ciudad Ayala which is,"The city of Ciudad Ayala, with a population of 1,777,539, is led by a City Manager on a council-manager government system. It has a population density of 1604.",6.468344985782862
2,The City Manager is the leader of the city of Ciudad Ayala which is,"Ciudad Ayala, a city with population density and population of 1604.0 and 1,777,539 respectively, uses a type of government called council-manager government. One of the leaders of Ciudad Ayala is the City Manager.",3.4740805251728313
3,The Governator of the country of Mexico is the leader of the country. The country is,Ciudad Ayala in Mexico with population density of 1604.0 and elevated 1147.0 above sea level is in the PDT time zone. The leader here is called the governator.,3.1008698326056634
4,The Governator of the country of Mexico is the leader of the country. The country is,Ciudad Ayala is a country in Mexico that is located 1147 above sea level and is in the Pacific Daylight time zone. The population density is 1604 and the leader of Ciudad Ayala is called the governator.,3.5739278708506292
5,The Governator of the country of Mexico is the leader of the country. The country is,Ciudad Ayala is located in Mexico and has a population density of 1604. The city stands 1147 m above sea level. The Governator is the leader of Ciudad Ayala located in the Pacific Daylight time zone.,5.869081073724087
6,Liselotte Groebina was born in the German city of Karlsruhe and his national,"Liselotte Grschebina was an Israeli who attended the school of Applied Arts in Stuttgart. She was born in Karlsruhe, Germany. Israel's national language is Modern Hebrew.",3.9739245993333676
7,Liselotte Groebina was born in the German city of Karlsruhe and his national,"Liselotte Grschebina is an Israeli national who did her studies at the School of Applied Arts in Stuttgart and was born in Karlsruhe, which is in Germany unlike Israel whose language is Modern Hebrew.",2.579669958866909
8,Liselotte Groebina was born in the German city of Karlsruhe and his national,"Liselotte Grschebina was born in Karlsruhe which is located in Germany, has Israeli nationality (the language in Israel is Modern Hebrew), and studied at the School of Applied Arts in Stuttgart.",2.5048170775009075
9,"The 11th Mississippi Infantry monument is located in Adams County, Pennsylvania. It was established in","Pennsylvania's Franklin County is found to the west of Adams County, Pennsylvania and Carroll County, Maryland is to the southeast. A monument to the 11th Mississippi Infantry was erected in 2000 in Adams County and this monument is classed as a contributing property.",4.838115915529569
10,"The 11th Mississippi Infantry monument is located in Adams County, Pennsylvania. It was established in","The 11th Mississippi Infantry Monument was established in 2000 in Adams County, Pennsylvania which has Carroll County, Maryland to its southeast and Franklin County, Pennsylvania to its west. The 11th Mississippi Infantry Monument is in the category of contributing property.",8.598152713384458
11,"The 11th Mississippi Infantry monument is located in Adams County, Pennsylvania. It was established in","The 11th Mississippi Infantry Monument, established in 2000, falls under the category of Contributing property and is located in Adams County, Pennsylvania, which has Carroll County, Maryland to the southeast and Franklin County, Pennsylvania to the east.",11.055799298013106
12,"Adolfo Suarez Madrid-located in Alcobendas,","ENAIRE, based in Madrid, Spain, is the operating organisation for Adolfo Suarez Madrid-Barajas airport which is in Alcobendas. The runway length at the airport is 3500.",0.37634966760369976
13,"Adolfo Suarez Madrid-located in Alcobendas,","Located in Madrid, Spain, ENAIRE operates the Adolfo Suarez Madrid-Barajas Airport in Alcobendas which reports a runway length of 3,500.",1.4277456511628417
14,"Adolfo Suarez Madrid-located in Alcobendas,","Adolfo Suarez Madrid-Barajas Airport, operated by ENAIRE, is located in Alcobendas while ENAIRE is located in Madrid, Spain. The Airport's runway length is 3500.",0.5252382722847435
15,"Mexicans are the people who live in Mexico, where the currency is the peso.",Bionico (a dish served for dessert) is a food found in Guadalajara in Mexico. The currency in Mexico is the Mexican peso inhabited by Mexicans.,3.650249708432077
16,"Mexicans are the people who live in Mexico, where the currency is the peso.",Bionico (a dessert) is a food found in Guadalajara in Mexico. The currency in Mexico is the Mexican peso inhabited by the Mexicans.,4.259881476334242
17,"Mexicans are the people who live in Mexico, where the currency is the peso.",Bionico is a food found in Mexico and served at the dessert course. The dessert can be found in Guadalajara. The currency of Mexico (inhabited by Mexicans) is Peso.,2.1719512025620733
18,The 11th Mississippi Infantry monument falls under the category of Contributing property. It is located,"The 11th Mississippi Infantry Monument is placed in the municipality of Gettysburg in Pennsylvania, in Adams County, USA. Adams County has Carroll County, Maryland to its southeast and the 11th Mississippi Infantry Monument is categorized as a Contributing Property.",3.258460338542403
19,The 11th Mississippi Infantry monument falls under the category of Contributing property. It is located,"The 11th Mississippi Infantry Monument is categorised as a contributing property and stands in Adams County, Pennsylvania in the municipality of Gettysburg in the USA. Carroll County Maryland is southeast of Adams County.",5.372292869887599
20,The 11th Mississippi Infantry monument falls under the category of Contributing property. It is located,"The 11th Mississippi Infantry Monument's location is Adams County, Pennsylvania, USA, in the municipality of Gettysburg. To the southeast of Adams County, lies Carroll County, Maryland. The 11th Mississippi Infantry Monument is a contributing property.",3.7272672080486595
21,"Mexicans are the people who live in Mexico, where the currency is the Mexican peso",Bionico (served at the dessert course) is a food found in Mexico. The currency in Mexico is the Mexican peso inhabited by the Mexicans. Honey can be added to bionico.,6.309241365904981
22,"Mexicans are the people who live in Mexico, where the currency is the Mexican peso",Bionico is a dessert food that can be made with honey and is found in Mexico. Mexico is inhabited by Mexicans and their currency is the peso.,5.525383173530664
23,"Mexicans are the people who live in Mexico, where the currency is the Mexican peso","Bionico (served at the dessert course) is a food found in Mexico. Honey can be used as a variation in the dish Bionico, the currency in Mexico is the peso inhabited by Mexicans.",2.4337852060904464
24,"The 11th Mississippi Infantry monument is located in Adams County, Pennsylvania, United States. It","Located in Adams Country, Pennsylvania in the United States, the monument to the 11th Mississippi Infantry was erected in 2000. It is described as a contributing property. Cumberland County is to the north of Adams County.",4.243470180284148
25,"The 11th Mississippi Infantry monument is located in Adams County, Pennsylvania, United States. It","The 11th Mississippi Infantry Monument's located in the United States near Adams County, Pennsylvania. It falls under the category of Contributing property and was established in the year 2000. Adams County, Pennsylvania has Cumberland County, Pennsylvania to its north.",7.1425013435907205
26,"The 11th Mississippi Infantry monument is located in Adams County, Pennsylvania, United States. It","The 11th Mississippi Infantry Monument was established in 2000 and is categorized as a Contributing Property. The monument is located in Adams County, Pennsylvania, USA and has Cumberland county, Pennsylvania to the north.",18.665380563116397
27,"Anatole de Gaswald wrote the book ""English With Out"" which was written by Ter","Terence Rattigan, who died in 1977, wrote the film English Without Tears in co-authorship with Anatole de Grunwald. The film was directed by Harold French, an actor whose career began in 1920.",2.1412991630456855
28,"Anatole de Gaswald wrote the book ""English With Out"" which was written by Ter","The movie English Without Tears was written by Anatole de Grunwald and Terence Rattigan, who died in 1977, and directed by Harold French, who has been acting since 1920.",4.140493268487529
29,"Anatole de Gaswald wrote the book ""English With Out"" which was written by Ter",English Without Tears is a movie directed by Harold French who became an active actor in 1920. The movie was written by Anatole de Grunwald and Terence Rattigan. Rattigan passed away in 1977.,3.4325894832060992
30,"The 11th Mississippi Infantry monument is located in Gettysburg, Adams County, Pennsylvania.","The 11th Mississippi Infantry Monument is located in Adams County, Pennsylvania and was erected in 2000. The monument is in the municipality of Gettysburg in Pennsylvania and is categorised as a contributing property. Southwest of Adams County lies Frederick County Maryland.",5.993323211245304
31,"The 11th Mississippi Infantry monument is located in Gettysburg, Adams County, Pennsylvania.","The 11th Mississippi Infantry Monument is in the municipality of Gettysburg, Pennsylvania and falls under the category of contributing property. The monument is in Adams County, which has Frederick County, Maryland to the southwest, and was established in the year 2000.",3.769241389071205
32,"The 11th Mississippi Infantry monument is located in Gettysburg, Adams County, Pennsylvania.","Adams County, Pennsylvania has Frederick County, Maryland to its southwest and contains the municipality of Gettysburg where the 11th Mississippi Infantry Monument has stood since the year 2000. The monument is categorized as a Contributing Property.",5.490904047658015
33,The Mason School of Business are the current tenants of Alan B Miller Hall which is owned by the,Robert A.M. Stern is the architect for Alan B. Miller Hall which is located in Virginia at 101 Ukrop Way. The Mason School of Business are the current tenants of the building which is owned by The College of William and Mary.,16.48344093890152
34,The Mason School of Business are the current tenants of Alan B Miller Hall which is owned by the,Alan B Miller Hall is located in Virginia at 101 Ukrop Way and is owned by The College of William and Mary. It is currently tenanted by The Mason School of Business and was designed by Robert A.M. Stern.,10.405806156439926
35,The Mason School of Business are the current tenants of Alan B Miller Hall which is owned by the,Virginia's College of William and Mary is the home of the Robert A M Stern designed Alan B Miller Hall at 101 Ukrop Way which houses the Mason School of Business.,14.43771746854608
36,The University of Burningu of Buregundy is located in Dijon. It,"The University of Burgundy in Dijon has 2,900 staff members along with 27,400 students, of which 9,400 are postgraduate students and 1,299 are PhD students.",4.939979108043035
37,The University of Burningu of Buregundy is located in Dijon. It,"The University of Burgundy in Dijon has 2900 staff members that educate a total of 27400 students of them 1299 are doctoral students, and 9400 are postgraduate students.",3.8472595977002957
38,The University of Burningu of Buregundy is located in Dijon. It,"The University of Burgundy in Dijon has 2900 staff members that educate 27400 students. They have 1299 doctoral students, and 9400 postgraduate students.",5.166300002218895
39,The musical artist of English Without Teas is Nicholas Brooks and it was written by Ter,"English Without Tears is an 89 minute movie written by Terence Rattigan and released on July 28th, 1944. Alan Jaggs was the editor while Nicholas Brodszky wrote the music for the film.",2.508777489515239
40,The musical artist of English Without Teas is Nicholas Brooks and it was written by Ter,"On 1994-07-28,English Without Tears a 89 minutes long was released which is written by Terence Rattigan,done by Alan Jaggs and composed by Nicholas Brodszky.",2.8428173313330687
41,The musical artist of English Without Teas is Nicholas Brooks and it was written by Ter,"The film English Without Tears, written by Terence Rattigan, was released on 07-28-1944. Edited by Alan Jaggs, it has an 89 minute running time with music composed by Nicholas Brodszky..",1.8354608208788683
42,"Tom Simon and the director of the 83.0 kilometer long, Deathona Fa",Death on a Factory Farm was produced and directed by Tom Simon and Sarah Teale. The film runs for 83 minutes.,5.328172962611896
43,"Tom Simon and the director of the 83.0 kilometer long, Deathona Fa","""Death on a Factory Farm"" is a film both directed and produced by Tom Simon and Sarah Teale. The film runs for 83 minutes.",3.6269533960613622
44,"Tom Simon and the director of the 83.0 kilometer long, Deathona Fa",Tom Simon and Sarah Teale directed and produced the 83 minutes movie Death on a Factory Farm.,8.411033016704215
45,The Mason School of Business are the current tenants of Alan B Miller Hall which is owned by the,"The Alan B. Miller Hall is located in Williamsburg, Virginia and is owned by The College of William and Mary. The building was designed by Robert A.M. Stern and has the address of 101 Ukrop Way. It is currently tenanted by The Mason School of Business.",4.964918215888501
46,The Mason School of Business are the current tenants of Alan B Miller Hall which is owned by the,"The address of Alan B. Miller Hall is 101 Ukrop Way in Williamsburg, Virginia and the property was designed by Robert A M Stern. The owner of the building is The College of William and Mary and The Mason School of Business are currently based at the Hall and are the current tenants.",6.591924023014992
47,The Mason School of Business are the current tenants of Alan B Miller Hall which is owned by the,"The College of William and Mary is the owner of the Alan B. Miller Hall in 101 Ukrop Way, Williamsburg, Virginia, designed by Robert A M Stern. The Mason School of Business are the current tenants of Alan B Miller Hall.",17.14272577629917
48,"The film, Its character is 282838.0 and starred John Miller. Its","John Mills and Cecil Parker starred in the 1956 movie It's Great to Be Young which runs 94 minutes and had Gilbert Taylor as the cinematographer. The movie costed £282,838.",1.0711001935149065
49,"The film, Its character is 282838.0 and starred John Miller. Its","""It's Great to Be Young"", released in 1956, made 282,838 pounds at the box office. The film is 94 minutes long and stars Cecil Parker. John Mills also had a main role in the movie, and Gilbert Taylor did the cinematography.",0.529920902224543
50,"The film, Its character is 282838.0 and starred John Miller. Its","John Mills, accompanied by Cecil Parker, played the lead role in the 1956 film It's Great to Be Young. The 94 minute film was shot by cinematographer Gilbert Taylor and went on to receive £282,838.",0.6542964054827115
51,Liselotte Grosebina was born in the German Empire on 2 May 19,"Liselotte Grschebina was born in Karlsruhe within the German Empire on May 2, 1908 and died on June 14, 1994 in Israel.",11.345744933954906
52,Liselotte Grosebina was born in the German Empire on 2 May 19,"Liselotte Grschebina was born on May 2, 1908 in the German Empire in Karlsruhe and died on June 14, 1994 in Israel.",9.695778776329659
53,Liselotte Grosebina was born in the German Empire on 2 May 19,"Liselotte Grschebina died on June 14, 1994 in Israel. Grschebina was born in the German Empire in Karlsruhe on May 2, 1908.",14.762394498293274
54,Pontiac Riac is a Coupe assembled in Detroit. Its production began,"The Pontiac Rageous, a coupe assembled in Michigan, was first and last produced in 1997. It had its assembly line in Detroit.",5.166300002218895
55,Pontiac Riac is a Coupe assembled in Detroit. Its production began,"The Pontiac Rageous, a car with a coupe body style, assembled in Detroit Michigan, was first and last produced in 1997.",5.073971385539406
56,Pontiac Riac is a Coupe assembled in Detroit. Its production began,"In 1997, the Pontiac Rageous coupe (assembled in Detroit, Michigan) went into and ended production.",7.696690939690191
57,The director of It's Great Britain is Cyril Frankel and it stars John Miller,John Mills played the lead role and Cecil Parker had a main role in the movie It's Great to Be Young. The movie was released in 1956 and had a duration of 94 minutes. Cyril Frankel is the director and Louis Levy is the music composer of the movie.,0.6691513590416028
58,The director of It's Great Britain is Cyril Frankel and it stars John Miller,"It's Great to be Young is a 1956 film starring Cecil Parker and John Mills, who had a main role, was composed by Louis Levy, was directed by Cyril Frankel, and has a running time of 94 minutes.",1.203611062952232
59,The director of It's Great Britain is Cyril Frankel and it stars John Miller,It’s Great to be Young is a 1956 film starring John Mills and Cecil Parker that runs for 94 minutes. The director was Cyril Frankel and Louis Levy was the music composer.,3.5827235074237973
60,The Director of Death on A Factory Farm is Sarah Teale and the company is the,The HBO film Death on a Factory Farm running at 83 minutes is produced and directed by Sarah Teale. The music is composed by Jamie Lawrence.,4.546909372536825
61,The Director of Death on A Factory Farm is Sarah Teale and the company is the,"HBO’s release, Death on a Factory Farm, was directed and produced by Sarah Teale. Jamie Lawrence wrote music for the 83 minute long film.",4.300201385974597
62,The Director of Death on A Factory Farm is Sarah Teale and the company is the,"""Death on a Factory Farm"" is a film that was produced and directed by Sarah Teale. Jamie Lawrence was the music composer. The film was broadcast by HBO and lasts 83 minutes.",2.590750866079541
63,Liselotte Groebina was born in the city of Karlsruhe and died in Pet,"Liselotte Grschebina was born in Karlsruhe and died on June 14, 1994 in Petah Tikva, Israel, which is home to the Arab ethnic group.",6.75052090822313
64,Liselotte Groebina was born in the city of Karlsruhe and died in Pet,"Liselotte Grschebina was born in Karlsruhe and died on June 14, 1994 in Petah Tikva, Israel which is home to the ethnic group 'Arabs'.",7.290285805663704
65,Liselotte Groebina was born in the city of Karlsruhe and died in Pet,"Liselotte Grschebina was born in Karlsruhe and died on June 14, 1994 in Petah Tikva, Israel which is home to ethnic groups such as the Arabs.",6.250719621575795
66,"SuperCapers, a supercapper, was a product of Lionsgate and","“Super Capers” is a 98-minute-long movie starring Tom Lister Jr. Distributed by Lionsgate, the film grossed $30,955. Ray Griggs was the director of the film.",0.8306318215177975
67,"SuperCapers, a supercapper, was a product of Lionsgate and","Super Capers is a film directed by Ray Griggs starring Tom Lister Jr. The film is 98 minutes long. Lionsgate served as a distributor for the film that ultimately grossed $30,955.",0.5565477456085203
68,"SuperCapers, a supercapper, was a product of Lionsgate and","The box office $30,955.00 film, Super Capers, with a running time of 98 minutes, starring Tom Lister Jr., was distributed by Lionsgate and directed by Ray Griggs.",1.5066345986395677
69,Adolfo Suarez Madrid-Barajas Airport is located in Al,"The Adolfo Suárez Madrid–Barajas Airport in Alcobendas is operated by ENAIRE and is 610m above sea level. It has a runway length of 3,500 and the runway name is 18L/36R.",0.30282074091990624
70,Adolfo Suarez Madrid-Barajas Airport is located in Al,Adolfo Suarez Madrid-Barajas Airport in Alcobendas is operated by ENAIRE from Madrid. The runway length is 3500 and the airport has an elevation of 610.0 metres above sea level. The runway name of the airport is 18L/36R.,0.5457537853650763
71,Adolfo Suarez Madrid-Barajas Airport is located in Al,"ENAIRE is the operating organisation for Adolfo Suarez Madrid-Barajas airport which is found in Alcobendas. The runway, which is called 18L/36R, has a length of 3500 and is 610 metres above sea level.",0.4847569711703947
72,"Anatole de Groinwald produces English Without Teas which was published on July 28,","Released on 28th July 1944 the 89 minutes long film, ""English Without Tears, "" was directed by Harold French, produced by Anatole de Grunwald, while the songs in the film were composed by Nicholas Brodszky.",1.3884435896901877
73,"Anatole de Groinwald produces English Without Teas which was published on July 28,","The movie English Without Tears was released on July 28, 1944. Nicholas Brodszky composed the music, while Harold French directed and Anatole de Grunwald produced the 89 minute film.",6.367949982548928
74,"Anatole de Groinwald produces English Without Teas which was published on July 28,","The 89 minute film English Without Tears, released on 1944-07-28, was directed by Harold French and produced by Anatole de Grunwald. Nicholas Brodszky composed the music for English Without Tears.",1.9037685925442576
75,"The Motor Sport Vision, founded by Peter Ogden, is the operating organisation for the Bedford","The Bedford Aerodrome is located in Thurleigh, postal code MK44, and is operated by MotorSport Vision, founded by Peter Ogden. Bedford Aerodrome's International Civil Aviation Organization (ICAO) identifier is EGBF.",9.872021176849094
76,"The Motor Sport Vision, founded by Peter Ogden, is the operating organisation for the Bedford","The location of Bedford Aerodrome is Thurleigh, postal code MK44 and the aerodrome is operated by MotorSport Vision which was founded by Peter Ogden. The ICAO location identifier for the Bedford Aerodrome is EGBF.",7.306113118569708
77,"The Motor Sport Vision, founded by Peter Ogden, is the operating organisation for the Bedford","The location of Bedford Aerodrome is Thurleigh, postal code MK44, and the ICAO location identifier for the aerodrome is EGBF. The operator of the aerodrome is MotorSport Vision which was founded by Peter Ogden.",6.005924470892011
78,The ICAO Location Identifier of the Bedford Aerodrome is EGBF,"The runway length of the Bedford Aerodrome in Thurleigh, is 1095 and it is operated by MotorSport Vision. Bedford Aerodrome's International Civil Aviation Organization (ICAO) identifier is EGBF and it serves the Bedford Autodrome.",1.847070030969005
79,The ICAO Location Identifier of the Bedford Aerodrome is EGBF,"The ICAO location identifier for the Bedford Aerodrome in Thurleigh, is EGBF and the runway length is 1095.The aerodrome serves the Bedford Autodrome and is operated by MotorSport Vision.",2.301691248442355
80,The ICAO Location Identifier of the Bedford Aerodrome is EGBF,"Bedford Aerodrome in Thurleigh, serves the Bedford Autodrome and is run by MotorSport Vision. The runway length at the aerodrome is 1095 and its ICAO location identifier is EGBF.",1.6738896831269074
81,"The time Warner owns the TV series, Deathona Factory Farm. It was","Tom Simon and Sarah Teale produced the movie Death on a Factory Farm which was broadcasted by the Time Warner owned HBO which has headquarters in New York City, New York.",1.9995903373883266
82,"The time Warner owns the TV series, Deathona Factory Farm. It was","The film Death on a Factory Farm was produced by Tom Simon and Sarah Teale and is broadcasted by HBO. Owned by Time Warner, HBO's headquarters is in New York City.",1.8617441377980806
83,"The time Warner owns the TV series, Deathona Factory Farm. It was","HBO's headquarters are situated in New York City, and it is headed by Time Warner. HBO released Death on a Factory Farm produced by Sarah Teale and Tom Simon.",1.974376871653831
84,Adolfo Suarez Madrid-Barajas Airport is located in Al,"Operated by Enaire, the Adolfo Suarez Madrid-Barajas airport is based in the Alcobendas area of the Spanish city of Madrid. It is situated 610 metres above sea level.",1.3177060659513293
85,Adolfo Suarez Madrid-Barajas Airport is located in Al,"Adolfo Suárez Madrid–Barajas Airport is in Alcobendas and has an elevation of 610.0 metres above sea level. It is operated by ENAIRE, based in Madrid, Spain.",0.8396636556663719
86,Adolfo Suarez Madrid-Barajas Airport is located in Al,"Adolfo Suarez Madrid-Barajas Airport in Alcobendas is operated by ENAIRE which is based in Madrid, Spain. The airport has an elevation of 610 metres above sea level.",2.4458987749662886
87,"The English With its roots in the film Bernard Knowles, the English With its roots in","A film named ""English Without Tears"" was released on July 28th, 1944. The film was edited by Alan Jaggs and produced by Anatole de Grunwald. Interestingly enough, the script was also written by Anatole de Grunwald. Finally, film buffs should know that Bernard Knowles was the cinematographer responsible for the beauty of this movie.",0.513937934372222
88,"The English With its roots in the film Bernard Knowles, the English With its roots in","English Without Tears was written and produced by Anatole de Grunwald and it was released on July 28th, 1944. Bernard Knowles was the cinematographer while Alan Jaggs was the editor.",2.348661985268085
89,"The English With its roots in the film Bernard Knowles, the English With its roots in","""English Without Tears"", released 7-28-1944, was both produced and written by Anatole de Grunwald. Bernard Knowles did the cinematography for the movie, while Alan Jaggs was put in charge of editing.",1.437595179443829
90,"The 11th Mississippi Infantry monument is located in Adams County, Pennsylvania. It was established in","Adams County, Pennsylvania has Cumberland County, Pennsylvania to its north. In Adams County stands the 11th Mississippi Infantry Monument, which was established in the year 2000. The monument falls under the category of contributing property.",6.88583599702527
91,"The 11th Mississippi Infantry monument is located in Adams County, Pennsylvania. It was established in","The location of the 11th Mississippi Infantry Monument, established in 2000, is Adams County, Pennsylvania which has Cumberland county, Pennsylvania to its north. The 11th Mississippi Infantry Monument is categorized as a Contributing Property.",8.512759838828611
92,"The 11th Mississippi Infantry monument is located in Adams County, Pennsylvania. It was established in","Pennsylvania's Cumberland County is to the north of the Adams County, Pennsylvania where the the 11th Mississippi Infantry Monument is located. The monument is categorised as a contributing property and was erected in 2000.",8.259525499767516
93,"Liselotte Grosebina was born in the German Empire, which was founded",Liselotte Grschebina of Israeli nationality (pop. density of Israel - 387.63) is a photographer born within the German Empire that was founded on the first of January 1871.,3.2566349403633166
94,"Liselotte Grosebina was born in the German Empire, which was founded","Liselotte Grschebina is a photographer and Israeli national who was born in the German Empire which was founded on January 1, 1871 and the population density of Israel is 387.63 people per square kilometre of land area.",5.885438170954964
95,"Liselotte Grosebina was born in the German Empire, which was founded","Liselotte Grschebina was an Israeli professional photographer who was born in the German Empire which was founded on January 1, 1871 and has a population density of 387.63 people per square kilometre of land area.",6.952823667534587
96,GMA New Media is an entertainment industry company that makes mobile apps. Its parent company is,"GMA New Media, led by Felipe Gozon, is an entertainment company that is a subsidiary of GMA Network and owns Philippine Entertainment Portal and Digify, Inc.",8.006411480292476
97,GMA New Media is an entertainment industry company that makes mobile apps. Its parent company is,"Felipe Gozon is CEO at GMA New Media, an entertainment company. GMA New Media operates under GMA Network with subsidiaries Digify and Philippine Entertainment Portal.",6.303535242734586
98,GMA New Media is an entertainment industry company that makes mobile apps. Its parent company is,"GMA New Media, Inc. is a subsidiary of GMA Network. GMA New Media offers applications in the Entertainment Industry. Felipe Gozon is the key person in GMA New Media. Both Philippine Entertainment Portal, Inc. and Digify Inc. are subsidiaries of the company.",1.4239295294202605
99,The College of William and Mary are the owners of Alan B Miller Hall which is situated at 101,The College of William and Mary own the Alan B. Miller Hall which was built in the Georgian architectural style. The building was designed by Robert A.M. Stern and has the address of 101 Ukrop Way. The current tenants are The Mason School of Business.,6.5670213995730755
100,The College of William and Mary are the owners of Alan B Miller Hall which is situated at 101,"Alan B. Miller Hall was designed in the Georgian style by Robert A.M. Stern. The College of William and Mary currently own the Alan B. Miller Hall at 101 Ukrop Way, which has as its tenants The Mason School of Business.",7.273002572442344
101,The College of William and Mary are the owners of Alan B Miller Hall which is situated at 101,The Mason School of Business are the current tenants of Alan B Miller Hall which is designed in the Georgian architectural style. It is owned by The College of William and Mary and was designed by Robert A M Stern. The address of the building is 101 Ukrop Way.,10.57330474721888
102,"GMA New Media is located in Quezon City, Philippines, which is led by the Liberal","GMA New Media is located in Quezon, Philippines (a city dominated by the Liberal Party). Founded 12/06/1898, GMA New Media produces web services.",18.37191716027599
103,"GMA New Media is located in Quezon City, Philippines, which is led by the Liberal","GMA New Media, located in the Liberal Party led Quezon City, Philippines, offers World Wide Web related services. GMA New Media’s home country, the Philippines, were founded on 1898-06-12.",8.97963935387702
104,"GMA New Media is located in Quezon City, Philippines, which is led by the Liberal","GMA New Media is a company that makes web sites and its headquarters are located in Quezon City in the Philippines (founded on June 12, 1898). The leader Party of Quezon City is the Liberal Party of the Philippines.",6.86394778218538
105,The 11th Mississippi Infantry monument falls under the category of Contributing property. It is located,Carroll County Maryland is southeast of Adams County Pennsylvania where the 11th Mississippi Infantry Monument is located in the municipality of Gettysburg. The 11th Mississippi Infantry Monument is categorised as a contributing property and Pennsylvania's Cumberland County is to the north of Adams County where the monument stands.,2.5303129405392113
106,The 11th Mississippi Infantry monument falls under the category of Contributing property. It is located,"To the southeast of Adams County, Pennsylvania lies Carroll County, Maryland and Cumberland County, Pennsylvania is to its north. The 11th Mississippi Infantry Monument, which falls under the category of Contributing property, is located in Adams County, in the municipality of Gettysburg.",6.91198184155234
107,The 11th Mississippi Infantry monument falls under the category of Contributing property. It is located,"The location of the 11th Mississippi Infantry Monument is Adams County, Pennsylvania in the municipality of Gettysburg. Adams County has Carroll County, Maryland to its southeast and Cumberland County, Pennsylvania to the north. The monument is categorized as a Contributing Property.",1.772081876175165
108,The distributor of McVeagh of the South Seas is the Alliance Flilms,"McVeagh of the South Seas (IMDb id 0004319) was written by Harry Carey, born in 1878, who also had a role in the film. McVeagh of the South Seas was produced by the Progressive Motion Picture Company and distributed by the Alliance Films Corporation.",1.5888497899892007
109,The distributor of McVeagh of the South Seas is the Alliance Flilms,"Harry Carey, born in 1878, wrote and starred in McVeagh of the South Seas which was produced by the Progressive Motion Picture Company. The movie was registered in IMDb with the ID 0004319 and distributed by Alliance Films Corporation.",2.6927360547787926
110,The distributor of McVeagh of the South Seas is the Alliance Flilms,"The film McVeagh of the South Seas was written by and starred the actor Harry Carey, who was born in 1878. The film was produced by the Progressive Motion Picture Company and distributed by Alliance Films Corporation. The film can be found in IMDb under the ID 0004319.",1.271958447637299
111,Ciudad Ayala is located in the country of Mexico and is governed by,Ciudad Ayala is a city which is part of Morelos in Mexico and the metropolitan area has a population of 1777539. Its government is council-manager and the city has a UTC offset of -6.,2.85487410227208
112,Ciudad Ayala is located in the country of Mexico and is governed by,"Ciudad Ayala is a part of Morelos and is in the country of Mexico. The population of the metropolitan area is 1,777,539 and is governed by a council-manager government. Their UTC offset is -6.",9.15736059788562
113,Ciudad Ayala is located in the country of Mexico and is governed by,"Ciudad Ayala part of Morelos in Mexico with population of 1,777,539 falls into UTC offset -6 time zone. The type of government here is called the council-manager government.",2.285331149131149
114,"Hypermarcas is a pharmaceutical company located in Sa<unk> o Paulo, Brazil. They","Hypermarcas, located in Sao Paulo, Brazil, produces pharmaceutical drugs and healthcare products. One of the leaders in Brazil is President of the Supreme Federal Court.",5.7713690673318885
115,"Hypermarcas is a pharmaceutical company located in Sa<unk> o Paulo, Brazil. They","Although their main product is drugs, Hypermarcas, located in Sao Paulo, Brazil and led by the President of the Supreme Federal Court also sells healthcare products.",5.603904387351602
116,"Hypermarcas is a pharmaceutical company located in Sa<unk> o Paulo, Brazil. They","Hypermarcas is a maker of drugs and healthcare products located in São Paulo, Brazil, a country where President of the Supreme Federal Court is a leadership title.",7.798274777227378
117,"Liselotte Groebina was born in Karlsruhe on May 2, 1908 and died","Liselotte Grschebina, born May 2, 1908 in Karlsruhe studied at the School of Applied Arts in Stuttgart before her death in Israel on June 14, 1994.",6.883039311493184
118,"Liselotte Groebina was born in Karlsruhe on May 2, 1908 and died","Liselotte Grschebina was born in Karlsruhe on May 2, 1908, studied at the School of Applied Arts in Stuttgart and died in Israel on June 14, 1994.",17.95593892356765
119,"Liselotte Groebina was born in Karlsruhe on May 2, 1908 and died","Liselotte Grschebina was born in Karlsruhe on May 2nd, 1908, attended the school of Applied Arts in Stuttgart and died in Israel on June 14, 1994.",13.027621093057558
120,Condensed milk is an ingredient in Bionico which is a dessert found in Mexico,"Bionico (a dish served for dessert) is a food made with condensed milk found in Mexico. Mexicans are people in Mexico, the currency in Mexico is the Mexican peso.",3.788268881602909
121,Condensed milk is an ingredient in Bionico which is a dessert found in Mexico,Bionico (is a dessert) is a food made with condensed milk found in Mexico. The currency in Mexico is the Mexican peso inhabited by Mexicans.,6.918917492493117
122,Condensed milk is an ingredient in Bionico which is a dessert found in Mexico,Bionico (served at the dessert course) is a food made with condensed milk found in Mexico. The currency in Mexico is the peso inhabited by the Mexicans.,4.693576489500252
123,Liselotte Groschebina was born in the German Empire and studied at the School,"Liselotte Grschebina was an Israeli who attended the school of Applied Arts in Stuttgart and was born in the German Empire. One of the official languages of Israel Is Modern Standard Arabic and has a total area of 20,769 square kilometers.",4.190357573058284
124,Liselotte Groschebina was born in the German Empire and studied at the School,"Liselotte Grschebina was born in the German Empire, did her studies at the School of Applied Arts in Stuttgart and is an Israeli national. Israel has a total area of 20,769 square kilometers and one of the official languages of Israel Is Modern Standard Arabic.",3.449544889169756
125,Liselotte Groschebina was born in the German Empire and studied at the School,"Liselotte Grschebina studied at the School of Applied Arts in Stuttgart, was born within the German Empire, and has Israeli nationality. Israel's official language is Modern Standard Arabic and the total area of Israel is 20769100000.0.",4.197472748894306
126,"SuperCapers, a tv series, was distributed by Lionsgate and","At a length of 98 minutes, the movie Super Capers starred Michael Rooker and Tom Sizemore. The film was distributed by both Roadside Attractions and Lionsgate.",3.3568313072281506
127,"SuperCapers, a tv series, was distributed by Lionsgate and","The movie ""Super Capers"" (98 minute length) stars Michael Rooker and Tom Sizemore. The film is distributed by Lionsgate and Roadside Attractions.",5.002523458991928
128,"SuperCapers, a tv series, was distributed by Lionsgate and","Lionsgate distributed Super Capers, a 98 minute long movie starring Tom Sizemore. Michael Rooker is also in the film which was distributed by Roadside Attractions.",3.914686163561574
129,Tom Simon is the director of the Deathona Factory Farm which was published by the,Tom Simon directed and produced Death on a Factory Farm which was also produced by Sarah Teale. The movie was edited by Geof Bartz and released by HBO.,7.4802575572432914
130,Tom Simon is the director of the Deathona Factory Farm which was published by the,"Broadcast by HBO, Death on a Factory Farm starred and was produced by Tom Simon and Sarah Teale. It was edited by Geof Bartz.",3.696164197500803
131,Tom Simon is the director of the Deathona Factory Farm which was published by the,"The HBO broadcast film Death on a Factory Farm was directed by Tom Simon, who also served as the film’s producer with Sarah Teale. Geof Bartz edited the film.",2.845909679739382
132,"The director of the film, It's Cyril Frankel and the film is It","Cyril Frankel directed the 1956 film It's Great to Be Young which runs 94 minutes and costed £282,838. The movie is starring John Mills and in Gilbert Taylor's cinematography.",2.3849599202836522
133,"The director of the film, It's Cyril Frankel and the film is It","The director of the movie ""It's Great to Be Young"" was Cyril Frankel, and the cinematographer was Gilbert Taylor. John Mills had a main role in the film. The length of the movie is 94 minutes and it has taken in 282,838 pounds at the box office.",1.716362237241263
134,"The director of the film, It's Cyril Frankel and the film is It","Released in 1956, the movie It's Great to Be Young featured John Mills in the lead and Cyril Frankel as the director. Gilbert Taylor was the cinematographer for the 94-minute film, which received £282,838.",1.535809694874406
135,The Bedford Aerodrome is located in Thurleigh and operated by the Motor Sport Vision.,"Serving the Bedford Autodrome area, Bedford Aerodrome is located in Thurleigh, with an elevation of 83.2104 above sea level, a runway length of 1095.0 and is operated by MotorSport Vision.",11.801108845183203
136,The Bedford Aerodrome is located in Thurleigh and operated by the Motor Sport Vision.,MotorSport Vision operates the Bedford Aerodrome which is in Thurleigh and serves the Bedford Autodrome. The runway length at the Bedford Aerodrome is 1095 and it is 83.2104 meters above sea level.,5.267113546456223
137,The Bedford Aerodrome is located in Thurleigh and operated by the Motor Sport Vision.,"At 83.2 metres above sea level and with a runway distance of 1095 metres, Bedford Aerodrome is located in Thurleigh. It has an operating organisation called MotorSport Vision and serves the Bedford Autodrome.",9.071718484921467
138,"Pontiac Riac, which is made by Pontiac, is made","The Pontiac Rageous was a car manufactured by Pontiac. It went into production in 1997 and ended the same year. It was assembled in Detroit, Michigan.",1.584587375263607
139,"Pontiac Riac, which is made by Pontiac, is made","The Pontiac Rageous is manufactured by Pontiac and was first produced in 1997 in Detroit, Michigan. The Pontiac Rageous was also last produced in the same year.",1.6754971550144475
140,"Pontiac Riac, which is made by Pontiac, is made","The Pontiac Rageous, manufactured by Pontiac, assembled in Detroit Michigan, was first and last produced in 1997.",6.386281242510084
141,The Governator of the country of Ciudad Ayala is the leader of,"In the Pacific Daylight/Standard Time Zone, the city of Ciudad Ayala has a leader known as the Governator. Its population density is 1604 and it stands 1147 metres above sea level.",2.18011509914219
142,The Governator of the country of Ciudad Ayala is the leader of,"Elevated 1147 metres above sea level and with a population density of 1604, the city of Ciudad Ayala is in the Pacific Standard Time Zone or PDT. Its leader is known as the governator.",3.139250908077277
143,The Governator of the country of Ciudad Ayala is the leader of,"With a population density of 1604, the city of Ciudad Ayala is situated 1147 metres above sea level. It is in the Pacific Daylight/Pacific Standard time zone and is led by a governator.",2.793423838344817
144,The ICAO Location Identifier of the city of Bedford Aerodrome is,"The Bedford Aerodrome runway name is 08/26, it is 1095 long and the surface is made of concrete, it is also 83.2104 meters above sea level. The ICAO location identifier for the aerodrome is EGBF.",0.797331130365633
145,The ICAO Location Identifier of the city of Bedford Aerodrome is,The Bedford Aerodrome runway surface is made out of concrete and is named 08/26 as well as being 1095 long. Its International Civil Aviation Organization (ICAO) identifier is EGBF and it is 83.2104 above sea level.,0.5890649843156099
146,The ICAO Location Identifier of the city of Bedford Aerodrome is,"The ICAO location identifier for Bedford Aerodrome is EGBF and its runway, which is made of concrete and named ""08/26"", is 1095 long.The aerodrome is 83.2 meters above sea level.",1.4401325582126092
147,The director of McVeagh of the South Seas is Cyril Bruce and the,"Harry Carey, born in 1878, wrote, directed and starred in the movie McVeagh of the South Seas which was also directed by Cyril Bruce and registered in IMDb with the ID 0004319.",6.790073189717928
148,The director of McVeagh of the South Seas is Cyril Bruce and the,"Harry Carey, born in 1878, wrote, directed and starred in McVeagh of the South Seas. The movie was also directed by Cyril Bruce and was registered in IMDb with the ID 0004319.",6.455153296778108
149,The director of McVeagh of the South Seas is Cyril Bruce and the,"""McVeagh of the South Seas"" (IMDb ID 0004319) is a film written by and starring actor Harry Carey (born 1878). Carey also co-directed the film with Cyril Bruce.",6.19846042186594
150,The University of Buregundy is located in Dijon and has a staff compliment,"The University of Burgundy in Dijon has 2900 staff members that educate 16800 undergraduate students, 1299 doctoral students, and 9400 postgraduate students a total of 27400 students combined.",4.193950498483233
151,The University of Buregundy is located in Dijon and has a staff compliment,"The University of Burgundy in Dijon has 2900 staff members that serve 27400 students, of which 1299 are doctoral students and 16800 are undergraduates.",5.9823457394825805
152,The University of Buregundy is located in Dijon and has a staff compliment,"There are 27400 students at the University of Burgundy, 16800 are undergraduate students,1299 doctoral students and 2900 staff members.The university campus is located in Dijon.",6.373426505207691
153,The Mason School of Business are the current tenants of Alan B Miller Hall which is owned by the,"Alan B. Miller Hall, which is owned by The College of William and Mary, was designed by the architect Robert A.M. Stern. The address of the hall is 101 Ukrop Way and the current tenants are the Mason School of Business.",8.158434476620783
154,The Mason School of Business are the current tenants of Alan B Miller Hall which is owned by the,"Alan B. Miller Hall, property of The College of William and Mary, was designed by architect Robert A.M. Stern. The location of the building is 101 Ukrop Way and it is currently tenanted by The Mason School of Business.",6.100982651415206
155,The Mason School of Business are the current tenants of Alan B Miller Hall which is owned by the,Alan B. Miller Hall’s address is 101 Ukrop Way and the building was designed by Robert A.M. Stern. The Mason School of Business are the current tenants and The College of William and Mary are the owners of the building.,12.192671603722998
156,"The director of the film, It's Cyril Frankel and the director is Cy","John Mills, died in 2005, played leading role in the 1956 film It' Great to be young which was directed by Cyril Frankel. Cecil Parker also had a main role in the movie which was written by Ted Willis.",0.9418765575160785
157,"The director of the film, It's Cyril Frankel and the director is Cy","It's Great to Be Young (1956) movie written by Ted Willis and directed by Cyril Frankel. The movie stars Cecil Parker and John Mills, who died in 2005.",1.9239967408871788
158,"The director of the film, It's Cyril Frankel and the director is Cy","John Mills, who died in 2005, played a major role in It's Great to be Young, a 1956 film directed by Cyril Frankel. Cecil Parker starred in the film which was written by Ted Willis.",1.3877607174519373
159,"Hypermarcas, which earns 1800000000000 annually annually by selling healthcare products and cosmetic","Hypermarcas, a company that makes healthcare products and sells cosmetics, employs 10,252 people. Hypermarcas had a net income of $108,600,000 and its revenue is $1,800,000,000.",3.6208053129871267
160,"Hypermarcas, which earns 1800000000000 annually annually by selling healthcare products and cosmetic","Hypermarcas produces healthcare and cosmetic products. With 10252 employees they have a net income of 108,600,00 and makes $1,800,00,00 a year.",3.3331951193201697
161,"Hypermarcas, which earns 1800000000000 annually annually by selling healthcare products and cosmetic","Hypermarcas, with yearly earnings of 1800000000, has a net income of 108,600,000 and employs 10252 people. The company produces cosmetics and sells healthcare products.",2.9139974325835167
162,"The Super Cappers, a public company, is a public company that uses the English","Roadside Attractions and the public company Lionsgate distributed the English-language movie Super Capers with ""en"" as the ISO 639-1 code.",3.314218960691373
163,"The Super Cappers, a public company, is a public company that uses the English","The public company, Lionsgate, and Roadside Attractions distributed the movie ""Super Capers"". ""Super Capers"" is filmed in English, whose ISO 639-1 code is ""en"".",3.224619399799968
164,"The Super Cappers, a public company, is a public company that uses the English","Super Capers is an English movie that is distributed by Roadside Attractions and Lionsgate, which is a public company. The code for English is en in the ISO 639-1 standard.",5.871410672359144
165,The ICAO Location Identifier of the city of Bedford is EGBF. The,The Bedford Aerodrome serves the Bedford Autodrome and is 83.2104 meters above sea level. The ICAO location identifier for the aerodrome is EGBF and its concrete surfaced runway is named 08/26.,2.1168549490486925
166,The ICAO Location Identifier of the city of Bedford is EGBF. The,"The Bedford Aerodrome served the Bedford Autodrome and its International Civil Aviation Organization (ICAO) identifier is EGBF. The Bedford Aerodrome is at an elevation of 83.2104 above sea level and has a runway, which is made out of concrete, called 08/26.",1.5249192594767644
167,The Governator of the city of Ciudad Ayala in Mexico has,The Mexican city of Ciudad Ayala is run by a leader known as the governator. Its population density is 1604 and its UTC offset is -6.,5.536202264943079
168,The Governator of the city of Ciudad Ayala in Mexico has,Ciudad Ayala is a city in the UTC offset -6 timezone in the country of Mexico with a population density of 1604.0. The city leader is called the governator.,1.7720684950340333
169,The Governator of the city of Ciudad Ayala in Mexico has,"Ciudad Ayala, with a UTC offset of -6, is a city in Mexico led by a Governator with a population density of 1604.",3.223713630103242
170,The Council-manager government is the responsible for the Ciudad Ayala which has,The leader of Ciudad Ayala is Juan Nolasco and it uses a council-manager type of government. The population density of Ciudad Ayala is 1604.0 and the time zone of Ciudad Ayala is the Pacific Standard Time Zone or Pacific Daylight Time depending on months of the year.,0.5046389284570992
171,The Council-manager government is the responsible for the Ciudad Ayala which has,"Juan Nolasco is one of the leaders of Ciudad Ayala, a city in the Pacific Standard Time Zone governed by a council-manager. Located in the Pacific Daylight time zone, Ciudad Ayala has a population density of 1604.",0.7952729443529215
172,The Council-manager government is the responsible for the Ciudad Ayala which has,"Led by Juan Nolasco, the council-manager led city of Ciudad Ayala has a population density of 1604. It is based in the PDT and Pacific Standard time zone.",1.8299038716354232
173,Acharya Institute of Technology is affiliated with Visvesvaraya Technological University and,The Acharya Institute of Technology which is affiliated to Visvesvaraya Technological University has 700 postgraduate students.,21.9184358678369
174,Acharya Institute of Technology is affiliated with Visvesvaraya Technological University and,The Acharya Institute of Technology is affiliated with Visvesvaraya Technological University and has about 700 post-graduate students.,52.92133415000505
175,Acharya Institute of Technology is affiliated with Visvesvaraya Technological University and,"The Acharya Institute of Technology, with around 700 postgraduate students, is affiliated with the Visvesvaraya Technological University.",19.1327044834083
176,"SuperCapers, a 88-minute supercapers (written in English) was",Super Capers is a 98 minute movie starring Michael Rooker and Tom Sizemore. Stacy Katzman edited Super Capers which was filmed in English.,3.0864089480110075
177,"SuperCapers, a 88-minute supercapers (written in English) was","Super Capers, a film starring Tom Sizemore and Michael Rooker, is 98 minutes long. In charge of editing was Stacy Katzman, and the film is in English.",2.1422003870298134
178,"SuperCapers, a 88-minute supercapers (written in English) was",Super Capers is an English-language film starring Tom Sizemore and featuring Michael Rooker. The 98-minute film was edited by Stacy Katzman.,2.7163847396886376
179,"Tom Scalemore started performing on January 1, 1989 and starred Michael Roker. They are","Super Capers is a film starring Michael Rooker and Tom Sizemore, who began his career in 1989. The language of the movie Super Capers is English, which is the spoken language in Great Britain.",0.9677590672550077
180,"Tom Scalemore started performing on January 1, 1989 and starred Michael Roker. They are",The movie Super Capers is an American film starring Tom Sizemore and Michael Rooker. The language in Great Britain is English and Sizemore started acting in 1989.,1.6984700578014562
181,"Tom Scalemore started performing on January 1, 1989 and starred Michael Roker. They are","Super Capers is an English film, a language spoken in Great Britain. The film stars Michael Rooker and Tom Sizemore, who started acting in 1989.",1.7652027385229012
182,"Mexicans are the people who live in Mexico, where the currency is the peso.",Mexico is inhabited by Mexicans and the currency used there is the Mexican peso. Bionico is a dish served for dessert there and sour cream is used to make this dish.,3.1460945415970256
183,"Mexicans are the people who live in Mexico, where the currency is the peso.","Bionico, served at the dessert course, is a food made of sour cream found in Mexico. The currency in Mexico is the Mexican peso inhabited by the Mexicans.",3.2769365630924487
184,"Mexicans are the people who live in Mexico, where the currency is the peso.","Bionico, a dessert, is a food made with sour cream found in Mexico. The currency in Mexico is the Mexican peso inhabited by the Mexicans.",3.8596691460783754
185,"The film, Its character is 282838.0 in size, has a 94",John Mills had a main role in the 94 minute movie It's Great to Be Young which took 282838 pounds at the box office. Louis Levy composed the music for the movie which had Gilbert Taylor as the cinematographer.,0.4717397796196186
186,"The film, Its character is 282838.0 in size, has a 94","The 1956 film “ It's Great to Be Young” cost £282,838 to produce and is 94 minutes in length. Louis Levy composed music for the film and Gilbert Taylor did the cinematography. The movie stars John Mills.",0.5788578871185673
187,"The film, Its character is 282838.0 in size, has a 94","It's Great to Be Young, the 94-minute, 1956 film, received £282,838. The lead was played by John Mills, and the music was composed by Louis Levy. Gilbert Taylor was responsible for the cinematography.",0.8346990440790567
188,"The University of Buregundy is located in Dijon, France. It has 27","The University of Burgundy has 27400 students, of which 9400 are postgraduates. The University is located in Dijon, France, and is a campus university.",16.03868101196105
189,"The University of Buregundy is located in Dijon, France. It has 27","The University of Burgundy in Dijon, France has 27400 students and 9400 of them are postgraduate students.",19.156534240679772
190,Adolfo Suarez Madrid-Barajas Airport is located in Al,"Adolfo Suárez Madrid-Barajas Airport in Alcobendas has an elevation of 610.0 metres above sea level and has a runway length of 4,349. It is operated by ENAIRE, which is in the city of Madrid.",0.3701052000034696
191,Adolfo Suarez Madrid-Barajas Airport is located in Al,"ENAIRE, based in Madrid, is the operating organisation for Adolfo Suarez Madrid-Barajas airport which is in Alcobendas. The airport has a runway that is 4349 metres long and it is 610 metres above sea level.",0.4847569711703947
192,Adolfo Suarez Madrid-Barajas Airport is located in Al,"Adolfo Suarez Madrid-Barajas Airport in Alcobendas, Spain, is operated by ENAIRE which is based in Madrid. The airport's runway length is 3500.",4.032605336266306
193,Adolfo Suarez Madrid-Barajas Airport is located in Al,"The Adolfo Suárez Madrid–Barajas Airport is operated by ENAIRE in Alcobendas in the city of Madrid, and Alcobendas is located in Spain. The runway length of Adolfo Suárez Madrid–Barajas Airport is 3,500.",0.8844924273030803
194,Adolfo Suarez Madrid-Barajas Airport is located in Al,"ENAIRE in Madrid, is the operating organisation for Adolfo Suarez Madrid-Barajas airport which is in Alcobendas, Spain. The runway length at Adolfo Suarez Madrid-Barajas airport is 3500.",1.3177060659513293
195,"The musical artist of English Without Teas is the musician, Philip Brooks and it was","English Without Tears, an 89 minute long film released on 1944-07-28, was directed by Harold French. The editing was done by Alan Jaggs, and the composing was done by Nicholas Brodszky.",1.492758775578072
196,"The musical artist of English Without Teas is the musician, Philip Brooks and it was","Harold French and directed the 89 minutes film English Without Tears which was edited by Alan Jaggs and released on July 28, 1944. The songs of the movies was composed by Nicholas Brodszky.",1.9818064621465201
197,"The musical artist of English Without Teas is the musician, Philip Brooks and it was",The film English Without Tears (release date 7-28-1944) is directed by Harold French. The music is composed by Nicholas Brodszky with the editing done by Alan Jaggs. The film duration is 89 minutes.,1.2110743716113306
198,Hypermarcas is a pharmaceutical drug company located in Brazil. Hypermarcas is a,"Located in Brazil, Hypermarcas is an S.A. corporation that produces pharmaceutical drugs. It is headed by the CEO.",4.311716969397525
199,Hypermarcas is a pharmaceutical drug company located in Brazil. Hypermarcas is a,"Hypermarcas, a type of S.A. corporation in the pharmaceutical industry, is located in Brazil. Hypermarcas makes drugs under the direction of their CEO, the key person.",6.659344653025461
200,Hypermarcas is a pharmaceutical drug company located in Brazil. Hypermarcas is a,"Hypermarcas, a pharmaceuticals company located in Brazil, is managed by their CEO and is a type of S.A. corporation. The company's main product is drugs.",6.059057681316911
201,"Mexicans are the people who live in Mexico, where the currency is the peso.",Bionico (contains raisins) is a food served at the dessert course found in Mexico. The currency in Mexico is the Mexican peso inhabited by the Mexicans.,3.625823613964159
202,"Mexicans are the people who live in Mexico, where the currency is the peso.",Bionico (a dish served for dessert) is a food that contains raisins found in Mexico. The currency in Mexico is the peso inhabited by Mexicans.,5.712949532084056
203,"Mexicans are the people who live in Mexico, where the currency is the peso.","Bionico is a dessert that contains raisins and is found in Mexico, which is inhabited by Mexicans and uses the currency of the peso.",9.845500361697527
204,Ciudad Ayala is located in the city of Ciudad Ayal,"Ciudad Ayala, with a UTC offset of -6, is a city that is part of Morelos with a council-manager type of government that is led by a Governator.",1.2922423154208276
205,Ciudad Ayala is located in the city of Ciudad Ayal,"Led by a governator, the city of Ciudad Ayala is a part of the state of Morelos. Its UTC offset is -6 and it is run by a council-manager government.",3.6650143960225248
206,Ciudad Ayala is located in the city of Ciudad Ayal,"Ciudad Ayala, in the UTC offset -6 time-zone, is a city in Morelos that has a council-manager type of government and whose leader is called the governator.",1.8474084011245848
207,"The 11th Mississippi Infantry monument is located in Adams County, Pennsylvania. It was established in","Pennsylvania's Franklin County is found to the west of Adams County, Pennsylvania and Cumberland County, Pennsylvania is found to the north. The 11th Mississippi Infantry Monument, erected in 2000 in Adams County, is categorised as a contributing property.",7.872882365670906
208,"The 11th Mississippi Infantry monument is located in Adams County, Pennsylvania. It was established in","The 11th Mississippi Infantry Monument, established in the year 2000, falls under the category of contributing property and is located in Adams County Pennsylvania which is East of Franklin County, Pennsylvania. Adams County also has Cumberland County, Pennsylvania to its north.",8.975747183288362
209,"The 11th Mississippi Infantry monument is located in Adams County, Pennsylvania. It was established in","The location of the 11th Mississippi Infantry Monument, built in 2000, is Adams County, Pennsylvania which has Franklin County, Pennsylvania to the west and Cumberland County, Pennsylvania to the north. This monument is classified as a Contributing Property.",4.776478526807361
210,The Motor Sport Vision is located in the city of Kent and operates the town of the town of,"MotorSport Vision is based in the city of Longfield, Kent and operates The Bedford Aerodrome in Thurleigh, which has a runway length of 1095.",14.097974170957231
211,The Motor Sport Vision is located in the city of Kent and operates the town of the town of,"MotorSport Vision is based in the city of Longfield and the city of Kent, UK. MotorSport Vision operates the Bedford Aerodrome, which is located in Thurleigh, and had a runway length of 1095.",11.524809833415468
212,The Motor Sport Vision is located in the city of Kent and operates the town of the town of,"MotorSport Vision in Longfield, Kent, is the operating organisation for Bedford Aerodrome which is located in Thurleigh. The runway length of the Bedford Aerodrome is 1095.",6.151783489615356
213,"The English With its 89.0 kilometer long, 89.0 kilometer long",Anatole de Grunwald wrote and produced the 89 minute movie English Without Tears which was edited by Alan Jaggs and had Bernard Knowles as the cinematographer.,0.8751301502004946
214,"The English With its 89.0 kilometer long, 89.0 kilometer long","English Without Tears is a, 89 minute movie written and produced by Anatole de Grunwald. Alan Jaggs was the editor and Bernard Knowles was the cinematographer.",0.8676958340999544
215,"Liselotte Groebina is from the country of Israel, which is also known","Liselotte Grschebina is an Israeli national who died in Petah Tikva, Israel which is formally known as the State of Israel and has a population density of 387.63 people per square kilometre of land area.",1.689047567642691
216,"Liselotte Groebina is from the country of Israel, which is also known","Liselotte Grschebina was an Israeli who died in Petah Tikva, Israel which has a population density of 387.63 people per square kilometre of land area and is named ""State of Israel.""",1.496842489260634
217,"Liselotte Groebina is from the country of Israel, which is also known","Liselotte Grschebina has Israeli nationality and died in Petah Tikva, Israel. Israel has the population density of 387.63 and its full name is the State of Israel.",2.1989352521672907
218,"Liselotte Grosebina was born in the German Empire on May 2, 19","Liselotte Grschebina was born on May 2, 1908 within the German Empire and died on June 14, 1994. The national anthem of the German Empire was Das Lied der Deutschen and Die Wacht Am Rhein.",4.331116259536095
219,"Liselotte Grosebina was born in the German Empire on May 2, 19","Liselotte Grschebina died on June 14, 1994 and was born on on May 2nd, 1908 in the German Empire which has the national anthem of Das Lied der Deutschen and Die Wacht am Rhein.",4.361102066954858
220,"Liselotte Grosebina was born in the German Empire on May 2, 19","Liselotte Grschebina was born on May 2, 1908 in the German Empire, whose anthem is Das Lied der Deutschen as well as Die Wacht am Rhein. Grschebina died on June 14, 1994.",6.87054880592053
221,"Acharya Institute of Technology is located in Soldevanahalli, Acharya","Dr. G. P. Prabhukumar is the director of the Acharya Institute of Technology. Its address is Soldevanahalli, Acharya Dr. Sarvapalli Radhakrishnan Road, Hessarghatta Main Road, Bangalore - 560090. The All India Council for Technical Education, located in Mumbai, was proud to give the Technical Campus status to the Acharya Institute of Technology.",0.19634520055827098
222,"Acharya Institute of Technology is located in Soldevanahalli, Acharya","Dr. G. P. Prabhukumar is the director of the Acharya Institute of Technology which is based in Bangalore. The All India Council for Technical Education which is located in Mumbai gave the institute Technical Campus status. The address for the campus is: Soldevanahalli, Acharya Dr. Sarvapalli Radhakrishnan Road, Hessarghatta Main Road, Bangalore - 560090.",0.1984093906222807
223,"Acharya Institute of Technology is located in Soldevanahalli, Acharya","Acharya Institute of Technology is directed by Dr. G. P. Prabhukumar and was given the Technical Campus status by the All India Council for Technical Education which is located in Mumbai. The Acharya Institute of Technology campus is located in Soldevanahalli, Acharya Dr. Sarvapalli Radhakrishnan Road, Hessarghatta Main Road, Bangalore – 560090 which is in Bangalore.",0.36337107512779027
224,Granola is an ingredient in Bionico which is a food found in Gua,"Bionico (made with granola) is a food found in Guadalajara in Mexico. The currency in Mexico is the Mexican peso, and the country is inhabited by Mexicans.",7.541502812753151
225,Granola is an ingredient in Bionico which is a food found in Gua,Bionico (made with granola) is a food found in Guadalajara in Mexico. The currency of Mexico is the peso inhabited by Mexicans.,11.964691478965165
226,Granola is an ingredient in Bionico which is a food found in Gua,"Bionico is a food found in Mexico, in the Guadalajara area. This dish is made using granola. In Mexico, where the people are known as ‘Mexicans’, the local currency is the peso.",4.7535086696345665
227,Adolfo Suarez Madrid-Barajas Airport is located in Al,"ENAIRE, located in Madrid, is the operating organisation for Adolfo Suarez Madrid-Barajas airport in Alcobendas. The airport is elevated 610 metres above sea level and its runway name is 14L/32R.",0.816963437081996
228,Adolfo Suarez Madrid-Barajas Airport is located in Al,The Adolfo Suárez Madrid–Barajas Airport in Alcobendas is operated by ENAIRE which is based in the city of Madrid. The airport has an elevation of 610 metres above sea level and has a runway named 14L/32R.,0.14304238948681605
229,Adolfo Suarez Madrid-Barajas Airport is located in Al,"Adolfo Suarez Madrid-Barajas Airport in Alcobendas, is operated by ENAIRE, located in Madrid and has an elevation of 610 metres above sea level. The runway name is 14L/32R.",1.6567715189801908
230,The musical artist of English Without Teas is Bernard Knowles and the book was written,"The music for the movie ""English Without Tears"" was composed by Nicholas Brodszky, whereas the movie was edited by Alan Jaggs, produced and written by Anatole de Grunwald, while Bernard Knowles did the cinematography.",1.7194340377951762
231,The musical artist of English Without Teas is Bernard Knowles and the book was written,Anatole de Grunwald wrote and produced English Without Tears which was edited by Alan Jaggs and had Bernard Knowles as the cinematographer. Nicholas Brodszky composed the music of the movie.,2.845909679739382
232,The musical artist of English Without Teas is Bernard Knowles and the book was written,"The soundtrack for the film English Without Tears, written and produced by Anatole de Grunwald, was done by Nicholas Brodszky. Alan Jaggs was the film editor, and Bernard Knowles was the cinematographer.",2.1001214762375056
233,The University of Burning Badundy has a staff compliment of 2900 and a,"The University of Burgundy has 2900 staff members that educate 16800 undergraduate students, 1299 doctoral students, and 9400 postgraduate students a total of 27400 students combined.",4.419926231712057
234,The University of Burning Badundy has a staff compliment of 2900 and a,"2900 University of Burgundy staff members support 27400 students, of whom 16800 are undergraduates, 9400 are postgraduates and 1299 are doctoral.",3.4886391383307505
235,The University of Burning Badundy has a staff compliment of 2900 and a,"At the University of Burgundy, 2900 staff members support a student body of 27400 which consists of 16800 undergraduate, 9400 postgraduate and 1299 doctoral students.",2.6654078644391026
236,Ray Grits is the director of Super Caps which is a super capers which is,"Lionsgate, the distributor for the movie Super Capers, has two key people: Jon Feltheimer and Michael R. Burns. Super Capers is directed by Ray Griggs and stars Michael Rooker.",0.9796585245285931
237,Ray Grits is the director of Super Caps which is a super capers which is,"Super Capers was distributed by Lionsgate but, directed by Ray Griggs. Michael Rooker played in the movie as well. Michael R Burns and Jon Feltheimer are key people of Lionsgate.",1.0471953071472613
238,Ray Grits is the director of Super Caps which is a super capers which is,"Michael R Burns and Jon Feltheimer played key roles for the company Lionsgate in the distribution of the film ""Super Capers,"" starring Michael Rooker and directed by Ray Griggs.",1.1193880151647062
239,"Liselotte Grosebina was born in Karlsruhe on May 2, 1908.","Israeli national Liselotte Grschebina, born on 1908-05-02 in Karlsruhe, died on the 14th of June, 1994 in Israel.",2.982764696995444
240,"Liselotte Grosebina was born in Karlsruhe on May 2, 1908.","Liselotte Grschebina is an Israeli national who was born in Karlsruhe on May 2, 1908 and died in Israel on June 14, 1994.",23.256908537248986
241,"Liselotte Grosebina was born in Karlsruhe on May 2, 1908.","Liselotte Grschebina was an Israeli who was born in Karlsruhe on May 2, 1908 and died on June 14, 1994 in Israel.",25.278028068480754
242,The Director of McVeagh of the South Seas is Harry Carey and the,"Harry Carey, born in 1878, wrote, directed and acted in the film McVeagh of the South Seas which was produced by the Progressive Motion Picture Company. Cyril Bruce also directed the movie which was distributed by Alliance Films Corporation.",3.2627689233402917
243,The Director of McVeagh of the South Seas is Harry Carey and the,"Harry Carey, born in 1878, wrote and directed McVeagh of the South Seas. Cyril Bruce was also a director, while the movie was produced by the Progressive Motion Picture Company and distributed by Alliance Films Corporation.",4.1096810768794745
244,The Director of McVeagh of the South Seas is Harry Carey and the,"Cyril Bruce and the actor Harry Carey, the latter also being the author, both born in 1878, directed the movie "" McVeagh of the South Seas"" which was produced by the Progressive Motion Picture Company and distributed by Alliance Films Corporation.",2.927973171195874
245,"The 11th Mississippi Infantry monument is located in Adams County, Pennsylvania, United States. It","The 11th Mississippi Infantry Monument was established in the year 2000 in Adams County, Pennsylvania, USA and falls under the category of contributing property. To the southeast of Adams County, lies Carroll County, Maryland.",11.334478460438008
246,"The 11th Mississippi Infantry monument is located in Adams County, Pennsylvania, United States. It","Carroll County Maryland is southeast of Adams County Pennsylvania, USA, the location of the 11th Mississippi Infantry Monument which is categorised as a contributing property. The monument was erected in the year 2000.",4.504137113609032
247,"The 11th Mississippi Infantry monument is located in Adams County, Pennsylvania, United States. It","The 11th Mississippi Infantry Monument, erected in 2000, is located in Adams County, Pennsylvania, United States. It is categorized as a contributing property. Carroll County, Maryland is to the southeast of Adams County, Pennsylvania.",17.945070812698635
248,Granola is an ingredient in Bionico which is found in the Jalisco region,The currency of Mexico is the peso and the local people are called Mexicans. In Mexico there is a region called Jalisco which makes a dessert called bionico that requires granola as one of its ingredients.,0.7066132913945683
249,Granola is an ingredient in Bionico which is found in the Jalisco region,Bionico (made from Granola) is a food from the region Jalisco in Mexico. The currency in Mexico is the Mexican peso inhabited by the Mexicans.,1.562679905393949
250,The director of It's Greater is Cyril Frankel and it stars the musical,"In the film It's Great to Be Young, which was filmed in 1956 and lasted 94 minutes, Cyril Frankel was the director, Gilbert Taylor was the cinematographer. The film music composer was Louis Levy, and the main role was portrayed by Cecil Parker.",0.529920902224543
251,The director of It's Greater is Cyril Frankel and it stars the musical,"It's Great to Be Young (included in Gilbert Taylor's cinematography) debuted in 1956, was directed by Cyril Frankel. Cecil Parker starred in the 94 minute movie musically composed by Louis Levy.",1.2524085387504538
252,The director of It's Greater is Cyril Frankel and it stars the musical,"The 1956 film ""It's Great to be Young"" lasted for 94 minutes and starred Cecil Parker. The director was Cyril Frankel and the cinematographer was Gilbert Taylor. The film music was composed by Louis Levy.",1.970932596746342
253,The ICAO Location Identifier of the Motor Sport Vision is EGBF. The,MotorSport Vision is the operating organisation for Bedford Aerodrome which has a runway surface made out of concrete. Bedford Aerodrome's International Civil Aviation Organization (ICAO) identifier is EGBF and it is 83.2104 above sea level. The aerodrome has a runway called 08/26.,0.7210897970287428
254,The ICAO Location Identifier of the Motor Sport Vision is EGBF. The,"The Bedford Aerodrome, operated by the MotorSport Vision, is located 83.2 meters above sea level at ICAO location identifier EGBF. It has a concrete runway named ""08/26"".",1.555653247488202
255,The ICAO Location Identifier of the Motor Sport Vision is EGBF. The,"MotorSport Vision operates the Bedford Aerodrome, whose ICAO location identifier is EGBF. It is also known for a runway called 08/26, and it has a runway surface made of concrete with the elevation above sea level of 82.2104.",1.3092418711519849
256,"SuperCapers, which is a supercaptures (written in English) is a",Super Capers is a 98-minute English-language movie that was edited by Stacy Katzman. It was written by Lionsgate and Roadside Attractions.,2.7163847396886376
257,"SuperCapers, which is a supercaptures (written in English) is a",Lionsgate and Roadside Attractions distributed English language movie Super Capers which was edited by Stacy Katzman and runs 98 minutes.,1.9852949681089909
258,"SuperCapers, which is a supercaptures (written in English) is a","Super Capers is a film distributed by Roadside Attractions and Lionsgate, with a running time of 98 minutes. Super Capers, which is an English-language film, was edited by Stacy Katzman.",2.7859377876328577
259,The Director of Deathona Factory Farm is Tom Simon and it was broadcast by the,Tom Simon directed and produced the 83 minute movie Death on a Factory Farm which was edited by Geof Bartz and broadcasted by HBO.,4.538286100929623
260,The Director of Deathona Factory Farm is Tom Simon and it was broadcast by the,Tom Simon directed and produced the 83 minute movie Death on a Factory Farm which was released by HBO and had Geof Bartz as the editor.,3.9717869097170553
261,The Director of Deathona Factory Farm is Tom Simon and it was broadcast by the,"The HBO film Death on a Factory Farm was produced and directed by Tom Simon. The film, which runs 83 minutes, was edited by Geof Bartz.",3.251824087657915
262,Liselotte Groebina was born in the United States on 2 May 1908,"Liselotte Grschebina was born May 2, 1908 in Israel. She attended the school of Applied Arts in Stuttgart and became a professional photographer. She died on June 14, 1994.",1.577166233011588
263,Liselotte Groebina was born in the United States on 2 May 1908,"Liselotte Grschebina was a photographer who has Israeli nationality and was born in May 2, 1908. She studied at the School of Applied Arts in Stuttgart and died on June 14, 1994.",2.245264725574446
264,Liselotte Groebina was born in the United States on 2 May 1908,"Liselotte Grschebina (born May 2, 1908) was a professional Israeli photographer. She studied at the School of Applied Arts in Stuttgart before her death on June 14, 1994.",0.9377886529197104
265,The Mason School of Business is located in the United States and are the current tenants of Alan B,"The architect of Alan B Miller Hall, at 101 Ukrop Way, Williamsburg, Virginia, USA, is Robert A M Stern. The Mason School of Business are the current occupants of Alan B Miller Hall.",10.553812281742104
266,The Mason School of Business is located in the United States and are the current tenants of Alan B,"The Alan B. Miller Hall was designed by Robert A.M. Stern. The current tenant of the Alan B. Miller Hall is the Mason School of Business. The Alan B. Miller Hall is located at ""101 Ukrop Way,"" Williamsburg, Virginia, in the United States.",4.383664141046715
267,The Mason School of Business is located in the United States and are the current tenants of Alan B,"Robert A.M. Stern was the designer of Alan B. Miller Hall which is at 101 Ukrop Way. The Mason School of Business are the current tenants of the Hall which is located in Virginia in Williamsburg, USA.",13.599531317111826
268,Adolfo Suarez Madrid-Barajas Airport is located in Al,"The Adolfo Suárez Madrid–Barajas Airport is in Alcobendas, Spain, with an elevation of 610.0 metres above sea level. The Adolfo Suárez Madrid–Barajas Airport is operated by ENAIRE, based in the city of Madrid.",0.30889499641851526
269,Adolfo Suarez Madrid-Barajas Airport is located in Al,"Adolfo Suarez Madrid-Barajas Airport in Alcobendas, Spain, is operated by ENAIRE, which is based in Madrid. The airport has an elevation of 610 metres above sea level.",1.9048678812571354
270,Adolfo Suarez Madrid-Barajas Airport is located in Al,"ENAIRE, in Madrid, is the operating organisation for Adolfo Suarez Madrid-Barajas airport in Alcobendas, Spain. The airport is 610 metres above sea level.",1.9172510129495095
271,The University of Buregundy is located in Dijon and has a staff compliment,"The University of Burgundy is located in the city of Dijon, has 27400 students, 16800 undergraduate students, 2900 staff members and 1299 doctoral students.",6.930692959855957
272,The University of Buregundy is located in Dijon and has a staff compliment,"The University of Burgundy, located in the city of Dijon, has a staff of 2900 members and an enrollment of 27400 students, 16800 of which are undergraduate students and 1299 which are doctoral students.",3.395716963884391
273,The University of Buregundy is located in Dijon and has a staff compliment,"The University of Burgundy which is located in the city of Dijon has 2900 staff members and 27400 students, 16,800 are undergraduate students and 1299 are doctoral students.",5.942403306278177
274,"Mexicans are the people who live in Mexico, where the currency is the peso.",Bionico (served at the dessert course) is a food found in the region of Jalisco in Mexico. The currency in Mexico is the Mexican peso inhabited by the Mexicans.,3.0059133533623794
275,"Mexicans are the people who live in Mexico, where the currency is the peso.",Bionico (a dessert) is a food found in the region of Jalisco in Mexico. The currency of Mexico is the peso inhabited by Mexicans.,6.263137168725285
276,"Mexicans are the people who live in Mexico, where the currency is the peso.","Bionico (a dish served for dessert) is a food from the region Jalisco in Mexico. The currency in Mexico is the Mexican peso, and the people living there are called Mexicans.",2.9447938348119655
277,"Hypermarcas is a pharmaceuticals company that was founded on January 1, 2001. They are","Hypermarcas, an S.A. corporation founded on January 1, 2001, is a pharmaceutical company with a net income of $108,600,000. Mantecorp is its subsidiary.",13.499452530651478
278,"Hypermarcas is a pharmaceuticals company that was founded on January 1, 2001. They are","Hypermarcas is a type of S.A (corporation) in the pharmaceuticals industry founded on January 1, 2001. It has a subsidiary called Mantecorp and a net income of 108,600,000.",14.301385841882249
279,"Hypermarcas is a pharmaceuticals company that was founded on January 1, 2001. They are","Hypermarcas, a type of S.A. corporation in the pharmaceutical industry, was founded on 2001-01-01. Hypermarcas' net income is $108,600,000 and they have a subsidiary called Mantecorp.",3.02924958677384
280,"Tom Simon and the musical artist, Sarah Teale, are the producers of Deathona Fa",Sarah Teale directed and produced the 83-minute movie Death on a Factory Farm which had Jamie Lawrence as the music composer. Tom Simon was also a producer of the movie.,2.6705797362468298
281,"Tom Simon and the musical artist, Sarah Teale, are the producers of Deathona Fa","Tom Simon and Sarah Teale produced the film named Death on a Factory Farm. Music was composed by Jamie Lawrence; it was directed by Sarah Teale, and it has a running time of 83 minutes.",3.907675746772762
282,"Tom Simon and the musical artist, Sarah Teale, are the producers of Deathona Fa","Death on a Factory Farm was directed by Sarah Teale, produced by Sarah Teale and Tom Simon, composed by Jamie Lawrence, and had a running time of 83 minutes.",4.449249569234479
283,The director of It's Great Britain is Cyril Frankel and it stars the musical,"It's Great to Be Young (a 1956 film directed by Cyril Frankel) is 94 minutes long. Louis Levy is the music composer for the film, while Cecil Parker had a main role in the film and Ted Willis is the writer.",0.9395612150889846
284,The director of It's Great Britain is Cyril Frankel and it stars the musical,"The running time of the movie It's Great to Be Young directed by Cyril Frankel, starring Cecil Parker in 1956 is 94 minutes. Ted Willis is the writer of the film and Louis Levy is the music composer.",1.429935243606152
285,The director of It's Great Britain is Cyril Frankel and it stars the musical,"The 1956 film ""It's Great to Be Young"" was written by Ted Willis, starred Cecil Parker, and was directed by Cyril Frankel. ""It's Great to Be Young"" has a length of 94 minutes and its music was composed by Louis Levy.",0.7583365310962672
286,"SuperCapers, which is owned by the Roadside Attractions, is a super","Super Capers is a film starring Michael Rooker and Tom Sizemore.The film was edited by Stacy Katzman, and the language is English. Roadside Attractions is the distributor of the movie.",1.912794373311815
287,"SuperCapers, which is owned by the Roadside Attractions, is a super","The English film Super Capers, distributed by Roadside Attractions, stars Michael Rooker and Tom Sizemore. Stacy Katzman was the editor of Super Capers.",4.658077843513305
288,"SuperCapers, which is owned by the Roadside Attractions, is a super",Michael Rooker and Tom Sizemore starred in the English language movie Super Capers which was edited by Stacy Katzman and distributed by Roadside Attractions.,3.0864089480110075
